symbol,name,industry,exchange,price,pe_ttm,pb,ps_ttm,turnover_rate,volume_ratio,market_cap_10k,circulating_cap_10k,dividend_yield_ttm,date,market_cap,circulating_cap,momentum_20d,momentum_60d,price_vs_ma120,price_vs_ma60,volatility_20d,pe_score,pb_score,ps_score,dividend_score,momentum_20d_score,momentum_60d_score,turnover_deviation,turnover_score,volume_ratio_deviation,volume_ratio_score,stability_score,total_score
600502.SH,安徽建工,建筑工程,SSE,4.84,6.9723,0.7568,0.0949,1.4623,1.07,830802.426,830802.426,5.9917,2026-03-09,83.08024259999999,83.08024259999999,3.418803418803429,-0.6160164271047264,,1.022031392975294,19.413740610121504,97.88732394366197,96.15877080665813,99.55185659411012,96.9270166453265,65.94110115236876,37.77208706786171,0.03770000000000007,97.82330345710628,0.1299999999999999,83.7067861715749,88.92445582586427,81.65492957746478
600582.SH,天地科技,专用机械,SSE,6.12,9.0911,0.993,0.8731,1.6001,1.35,2532816.4019,2532816.4019,5.1797,2026-03-09,253.28164019,253.28164019,4.615384615384621,3.0303030303030276,,1.0314317013567036,19.104180475733372,96.28681177976952,91.42125480153649,85.4033290653009,94.55825864276568,70.16645326504481,50.288092189500645,0.10010000000000008,94.2381562099872,0.15000000000000013,79.48143405889886,89.69270166453265,81.17637644046094
600008.SH,首创环保,水务,SSE,3.18,13.6436,1.1335,1.1888,1.6397,1.04,2334307.8353,2334307.8353,6.6038,2026-03-09,233.43078352999999,233.43078352999999,4.6052631578947345,4.950495049504955,,1.0404624277456649,15.686542343252366,86.87580025608194,87.64404609475032,79.16133162612036,98.07938540332907,70.03841229193341,56.53008962868118,0.13969999999999994,91.70934699103714,0.15999999999999992,78.84122919334187,95.83866837387964,80.8002560819462
603071.SH,物产环能,批发业,SSE,14.3,12.1232,1.4289,0.1959,0.8185,1.03,797874.8521,797874.8521,4.8951,2026-03-09,79.78748521,79.78748521,7.19640179910046,7.518796992481214,,1.0525024533856722,19.83429574694145,91.10115236875801,77.40076824583866,98.20742637644047,93.08578745198463,78.68117797695263,63.188220230473746,0.6815,59.026888604353395,0.16999999999999993,77.33674775928297,88.15620998719591,79.71190781049935
600023.SH,浙能电力,火力发电,SSE,5.5,10.1263,0.9913,0.9159,0.855,0.86,7374803.012,7374803.012,6.1818,2026-03-09,737.4803012,737.4803012,11.336032388663963,6.382978723404253,,1.0817544089687274,15.555031193505542,95.00640204865557,91.58130601792574,84.31498079385403,97.1830985915493,87.25992317541613,59.859154929577464,0.645,61.971830985915496,0.33999999999999997,44.078104993597954,96.35083226632523,79.11651728553136
600511.SH,国药股份,医药商业,SSE,30.02,11.2625,1.2554,0.436,1.6253,0.99,2265018.0,1661145.9648,2.6649,2026-03-09,226.5018,166.11459648,4.855047153335668,2.3874488403820004,,1.0305467985650612,11.70049805936541,92.70166453265045,83.61075544174136,94.81434058898847,71.44686299615877,70.99871959026889,47.63124199743918,0.12529999999999997,92.06145966709347,0.20999999999999996,70.00640204865557,99.10371318822023,78.16901408450705
600874.SH,创业环保,环境保护,SSE,6.45,12.1815,1.003,2.0735,1.4542,1.09,1012919.6648,793619.6648,2.6357,2026-03-09,101.29196648,79.36196648,4.707792207792205,7.142857142857162,,1.0491501070837965,19.654144251394925,90.9090909090909,91.1651728553137,54.80153649167734,70.93469910371319,70.6145966709347,62.419974391805376,0.04580000000000006,97.31113956466069,0.10999999999999988,87.35595390524968,88.41229193341869,78.04417413572342
002060.SZ,广东建工,建筑工程,SZSE,3.97,13.7737,1.0813,0.2114,2.3258,1.14,1490494.1171,620437.42,3.5264,2026-03-09,149.04941171,62.043742,7.008086253369283,4.199475065616798,,1.0586666666666666,21.91716557981409,86.29961587708067,88.98847631241998,97.95134443021767,82.3943661971831,78.23303457106275,54.41741357234315,0.8258000000000001,50.640204865556974,0.06000000000000005,92.797695262484,81.75416133162612,77.98015364916773
002034.SZ,旺能环境,环境保护,SZSE,17.8,12.8778,1.1264,2.3417,1.5833,1.34,772495.5588,768661.8162,2.7527,2026-03-09,77.24955588,76.86618162,5.889351576442614,8.20668693009119,,1.0707625674239538,20.94135255502337,89.30857874519846,87.9641485275288,49.10371318822023,73.36747759282972,74.51984635083227,65.55697823303457,0.08329999999999993,95.07042253521126,0.14000000000000012,81.27400768245839,84.50704225352112,77.07106274007683
600970.SH,中材国际,建筑工程,SSE,10.92,9.5528,1.2921,0.6041,0.9371,1.17,2863026.9202,2859658.5599,4.1494,2026-03-09,286.30269202,285.96585599,3.018867924528301,12.230215827338121,,1.0409583426011249,34.61943017160058,95.90268886043533,81.88220230473752,91.10115236875801,88.18822023047375,64.34058898847631,74.00768245838668,0.5629,66.19718309859155,0.030000000000000027,95.77464788732394,43.533930857874516,77.0102432778489
600483.SH,福能股份,新型电力,SSE,10.35,9.5629,1.0964,2.0388,1.3434,1.02,2877442.623,2877442.623,3.7005,2026-03-09,287.7442623,287.7442623,14.364640883977886,2.882703777335971,,1.0701361364811306,27.267311589316922,95.77464788732394,88.66837387964148,55.8898847631242,83.99487836107554,91.61331626120358,49.807938540332906,0.15660000000000007,90.52496798975672,0.17999999999999994,75.44814340588988,65.36491677336747,76.7797695262484
002091.SZ,江苏国泰,商贸代理,SZSE,9.03,11.357,0.9516,0.3684,1.5992,0.94,1469826.3651,1441932.4919,5.2046,2026-03-09,146.98263651,144.19324919,5.614035087719271,0.6688963210702115,,1.00407709414381,28.39466715153909,92.44558258642766,92.63764404609475,95.90268886043533,94.75032010243278,73.6235595390525,41.74135723431498,0.09919999999999995,94.36619718309859,0.26,61.29961587708067,62.419974391805376,76.68693982074265
601330.SH,绿色动力,环境保护,SSE,7.62,15.3987,1.3347,3.1722,1.7827,1.27,1090105.36,753690.1385,3.7946,2026-03-09,109.01053600000002,75.36901385,6.872370266479666,8.39260312944523,,1.0809532816341971,16.82031011014466,82.01024327784891,80.15364916773368,34.82714468629962,85.2112676056338,77.78489116517285,66.32522407170295,0.28269999999999995,82.77848911651728,0.07000000000000006,91.61331626120358,93.91805377720871,76.66773367477592
002483.SZ,润邦股份,专用机械,SZSE,7.91,15.4369,1.5987,0.9023,1.6247,0.91,701196.5147,700233.382,3.7927,2026-03-09,70.11965147000001,70.0233382,9.556786703601116,14.804063860667638,,1.0798389115150964,31.486441416295534,81.75416133162612,71.38284250960308,84.82714468629962,85.1472471190781,84.05889884763124,78.23303457106275,0.12470000000000003,92.18950064020487,0.2899999999999999,55.441741357234314,52.11267605633803,76.6293213828425
000690.SZ,宝新能源,火力发电,SZSE,4.82,11.2254,0.8355,1.2264,5.0589,1.18,1048777.9495,1048095.2028,4.1494,2026-03-09,104.87779495000001,104.80952028,11.059907834101402,10.550458715596323,,1.0901688781664658,27.283832833100263,92.89372599231754,95.19846350832266,78.16901408450704,88.18822023047375,86.74775928297055,71.67093469910371,3.5589000000000004,11.395646606914212,0.020000000000000018,97.15108834827144,65.30089628681178,76.59250960307298
000404.SZ,长虹华意,家用电器,SZSE,7.14,10.9424,1.1687,0.4273,2.4214,1.26,496941.129,494601.7744,4.2017,2026-03-09,49.6941129,49.46017744,3.0303030303030276,3.0303030303030276,,1.0236314544455327,18.87485131172749,93.34186939820742,86.10755441741357,94.94238156209987,88.86043533930858,64.40460947503202,50.288092189500645,0.9214000000000002,46.60691421254801,0.06000000000000005,92.797695262484,90.39692701664532,76.50928297055059
600642.SH,申能股份,火力发电,SSE,9.0,11.0718,1.1992,1.5631,0.8774,0.84,4404671.4384,4404431.8404,5.0,2026-03-09,440.46714384,440.44318404,9.090909090909083,9.223300970873783,,1.0926308121889037,17.682562756360422,93.02176696542894,85.4033290653009,68.30985915492957,93.53393085787451,83.06658130601792,68.62996158770807,0.6226,63.124199743918055,0.36,39.56466069142125,92.76568501920615,76.32682458386684
600027.SH,华电国际,火力发电,SSE,5.19,8.6298,1.2651,0.4858,1.6105,0.84,6026510.8015,4782936.5327,4.0604,2026-03-09,602.65108015,478.29365327000005,7.23140495867769,-1.1428571428571344,,1.0262325336145532,15.925761433287681,97.0550576184379,83.22663252240717,93.46991037131882,87.32394366197182,78.80921895006402,36.107554417413574,0.11050000000000004,93.21382842509603,0.36,39.56466069142125,95.51856594110116,76.17477592829705
600863.SH,内蒙华电,火力发电,SSE,5.4,20.5035,1.8685,2.0378,1.6144,1.17,4231002.3624,3524519.4179,3.3938,2026-03-09,423.10023624,352.45194179,13.684210526315788,11.801242236024855,,1.1297071129707112,27.81417038238051,65.42893725992317,60.43533930857875,55.9539052496799,80.98591549295774,90.46094750320103,73.6235595390525,0.11440000000000006,92.95774647887323,0.030000000000000027,95.77464788732394,63.63636363636363,76.12996158770805
603995.SH,甬金股份,特种钢,SSE,18.88,10.2844,1.2074,0.1625,1.4306,0.83,690286.5858,690286.5858,4.214,2026-03-09,69.02865858,69.02865858,2.497285559174789,10.409356725146178,,1.013945328583448,28.991470991511875,94.75032010243278,84.95518565941101,98.71959026888604,89.05249679897568,61.9078104993598,71.25480153649167,0.0693999999999999,95.96670934699104,0.37,37.676056338028175,60.179257362355955,76.10435339308579
601117.SH,中国化学,建筑工程,SSE,9.18,9.2163,0.8636,0.2989,3.6006,1.33,5605919.5367,5588845.8383,3.1155,2026-03-09,560.59195367,558.88458383,10.735826296743078,20.63074901445465,,1.1127947148312016,41.85909622528302,96.22279129321383,94.62227912932138,97.1830985915493,78.04097311139564,86.29961587708067,85.1472471190781,2.1006,22.727272727272734,0.13000000000000012,82.84250960307298,29.897567221510883,75.8706786171575
600035.SH,楚天高速,路桥,SSE,3.98,9.5172,0.7197,1.1867,1.0635,1.07,640826.1286,640826.1286,4.2714,2026-03-09,64.08261286000001,64.08261286000001,1.5306122448979664,-1.2406947890818976,,1.0073824087745202,14.741383915046793,96.03072983354673,96.73495518565942,79.3213828425096,89.75672215108835,58.002560819462225,35.787451984635084,0.4365000000000001,73.75160051216389,0.1299999999999999,83.7067861715749,96.99103713188221,75.69782330345711
600461.SH,洪城环境,水务,SSE,9.98,10.6722,1.328,1.6001,0.9071,1.19,1281587.0712,1281587.0712,4.6493,2026-03-09,128.15870712,128.15870712,4.28422152560084,0.4024144869215318,,1.0338933301103306,15.544550108914468,94.04609475032011,80.34571062740076,66.77336747759284,91.99743918053778,69.07810499359796,40.39692701664533,0.5929,64.46862996158771,0.010000000000000009,98.59154929577464,96.41485275288092,75.68501920614597
601669.SH,中国电建,建筑工程,SSE,5.92,9.5465,0.7092,0.1576,3.8422,1.28,10197886.3257,7738343.3032,2.1444,2026-03-09,1019.78863257,773.83433032,6.474820143884896,12.977099236641209,,1.0750279955207167,27.255408367863193,95.96670934699104,96.9270166453265,98.84763124199743,61.7157490396927,76.1843790012804,75.35211267605634,2.3422,19.718309859154928,0.08000000000000007,90.14084507042253,65.42893725992317,75.60499359795135
600420.SH,国药现代,化学制药,SSE,10.85,15.4088,1.0559,1.5542,1.2959,1.01,1455172.3708,1455172.3708,2.765,2026-03-09,145.51723708,145.51723708,3.9272030651340994,5.237633365664385,,1.03397341211226,17.818784872583134,81.94622279129321,89.69270166453265,68.50192061459667,73.4955185659411,67.34955185659412,57.298335467349546,0.20409999999999995,87.58002560819462,0.18999999999999995,73.75160051216389,92.50960307298335,75.4449423815621
601390.SH,中国中铁,建筑工程,SSE,5.75,5.722,0.4529,0.1276,1.9359,1.01,14194577.6092,11775328.3592,4.5294,2026-03-09,1419.45776092,1177.53283592,7.076350093109873,4.545454545454541,,1.028683880970839,52.68268660937145,98.84763124199743,99.48783610755441,99.16773367477593,91.4852752880922,78.42509603072983,55.313700384122924,0.43589999999999995,73.8156209987196,0.18999999999999995,73.75160051216389,15.10883482714469,75.22727272727273
603801.SH,志邦家居,家居用品,SSE,9.48,14.0821,1.2411,0.8843,1.2656,1.22,411765.1244,411765.1244,6.3605,2026-03-09,41.176512439999996,41.176512439999996,0.0,0.9584664536741228,,1.0074032092380718,24.479234587866706,85.595390524968,84.25096030729834,85.21126760563381,97.5032010243278,49.51984635083227,43.34186939820743,0.23439999999999994,85.2752880921895,0.020000000000000018,97.15108834827144,74.83994878361075,74.91197183098592
002299.SZ,圣农发展,农业综合,SZSE,19.64,16.2714,2.222,1.2502,1.5782,0.9,2441471.42,2393993.6133,2.5311,2026-03-09,244.147142,239.39936132999998,16.2130177514793,24.06822488945042,,1.1463815629468936,31.350657246825936,79.3854033290653,50.512163892445585,77.52880921895007,69.07810499359796,93.21382842509604,87.70806658130603,0.07820000000000005,95.4865556978233,0.29999999999999993,53.13700384122919,52.56081946222791,74.90717029449425
688009.SH,中国通号,运输设备,SSE,5.93,17.1529,1.3272,1.8109,0.7725,1.1,6279762.667,5112263.674,2.8668,2026-03-09,627.9762667,511.22636739999996,9.00735294117645,12.952380952380938,,1.0703971119133573,25.31314718542902,75.99231754161332,80.40973111395647,61.07554417413572,74.64788732394366,82.65044814340588,75.28809218950065,0.7275,55.85787451984635,0.09999999999999987,88.63636363636364,72.72727272727273,74.62548015364916
002948.SZ,青岛银行,银行,SZSE,5.27,5.9126,0.7171,2.1048,1.5313,0.98,3067326.9395,1640288.2468,3.0361,2026-03-09,306.73269395,164.02882468,0.1901140684410496,8.65979381443298,,1.089105500637206,24.091173760056627,98.71959026888604,96.79897567221511,53.71318822023047,76.88860435339309,50.76824583866837,67.12548015364916,0.031300000000000106,98.46350832266326,0.21999999999999997,68.30985915492957,75.92829705505761,74.56626120358516
600098.SH,广州发展,火力发电,SSE,7.65,11.6414,0.9878,0.5339,0.9976,0.68,2681986.7105,2681986.7105,4.837,2026-03-09,268.19867105000003,268.19867105000003,11.51603498542273,11.353711790393017,,1.10310021629416,31.666567681895025,92.12548015364916,91.74135723431498,92.31754161331627,92.76568501920615,87.70806658130603,72.98335467349551,0.5024,69.65428937259924,0.5199999999999999,12.419974391805383,51.53649167733675,74.35979513444303
600578.SH,京能电力,火力发电,SSE,5.5,10.5876,1.5496,1.0065,0.789,1.0,3682041.5583,3682041.5583,2.1818,2026-03-09,368.20415583,368.20415583,8.267716535433077,17.27078891257994,,1.059900433595632,30.05055596564671,94.2381562099872,73.04737516005122,82.3943661971831,62.419974391805376,81.11395646606914,81.75416133162612,0.711,56.946222791293216,0.19999999999999996,71.79897567221511,57.04225352112676,74.21895006402048
600585.SH,海螺水泥,水泥,SSE,24.59,14.8043,0.6845,1.548,1.0967,1.16,13030985.0418,9835268.6418,3.8634,2026-03-09,1303.09850418,983.52686418,4.682843763303546,8.325991189427317,,1.046650208563889,41.634538425977766,83.86683738796415,97.37516005121638,68.82202304737515,85.65941101152369,70.35851472471191,66.00512163892446,0.4033,75.86427656850192,0.040000000000000036,94.78233034571063,30.281690140845072,74.11971830985917
601339.SH,百隆东方,纺织,SSE,7.31,20.0288,1.1948,1.4439,1.8049,1.53,1096184.939,1096184.939,5.6088,2026-03-09,109.6184939,109.6184939,9.267563527653211,35.621521335807046,,1.158815292345901,42.99570214593284,66.45326504481434,85.53137003841229,72.02304737516005,96.28681177976952,83.61075544174136,92.95774647887323,0.30489999999999995,81.24199743918054,0.33000000000000007,45.32650448143406,27.656850192061455,73.93725992317542
600016.SH,民生银行,银行,SSE,3.88,5.5969,0.3023,1.1868,0.8836,0.98,16987578.3788,13759303.8066,5.1031,2026-03-09,1698.7578378800001,1375.93038066,3.4666666666666623,-3.7220843672456705,,1.0049643859270452,16.472595718177494,99.16773367477593,99.93597951344431,79.2573623559539,94.0460947503201,66.26120358514724,26.952624839948786,0.6164,63.508322663252244,0.21999999999999997,68.30985915492957,94.62227912932138,73.86683738796415
600282.SH,南钢股份,普钢,SSE,5.71,13.1175,1.3057,0.6308,0.8369,1.16,3520266.9673,3520266.9673,3.5657,2026-03-09,352.02669673,352.02669673,6.331471135940414,7.53295668549907,,1.049503737287097,41.862908136087,88.348271446863,81.24199743918054,90.46094750320103,83.03457106274008,75.99231754161332,63.25224071702945,0.6631,60.24327784891165,0.040000000000000036,94.78233034571063,29.833546734955192,73.68117797695264
603201.SH,常润股份,汽车配件,SSE,18.04,13.3604,1.9821,1.1515,1.079,1.11,342723.4185,339791.9546,2.2105,2026-03-09,34.272341850000004,33.97919546,4.217215482380121,6.556408741878328,,1.0426540284360188,19.096747629926053,87.90012804097312,56.97823303457106,79.96158770806659,62.99615877080665,68.69398207426376,60.819462227912936,0.42100000000000004,74.77592829705506,0.08999999999999986,89.7247119078105,89.75672215108835,73.63636363636364
601311.SH,骆驼股份,电气设备,SSE,9.42,14.8264,1.1216,0.6738,1.9311,1.06,1105103.6432,1105103.6432,3.0786,2026-03-09,110.51036432000001,110.51036432000001,1.6181229773462924,3.630363036303641,,1.0030524597146306,24.315735081352255,83.80281690140845,88.02816901408451,89.69270166453265,77.40076824583866,58.38668373879642,52.30473751600512,0.43110000000000004,74.13572343149808,0.1399999999999999,82.01024327784891,75.22407170294494,73.63316261203585
600795.SH,国电电力,火力发电,SSE,5.07,12.1918,1.5215,0.5303,1.4724,0.92,9042658.8746,9042658.8746,4.142,2026-03-09,904.26588746,904.26588746,11.428571428571432,-11.672473867595812,,0.98888238736103,17.248794997434576,90.84507042253522,74.07170294494239,92.44558258642766,88.02816901408451,87.45198463508322,6.46606914212548,0.02760000000000007,98.52752880921895,0.2799999999999999,57.74647887323944,93.40588988476313,73.59475032010243
002061.SZ,浙江交科,建筑工程,SZSE,4.1,9.2481,0.6952,0.2259,1.1253,0.9,1096462.8073,1065646.539,3.0445,2026-03-09,109.64628073,106.56465390000001,0.7371007371007154,0.7371007371007154,,1.006670213201293,18.085859222340915,96.15877080665813,97.24711907810499,97.82330345710628,76.95262483994878,54.09731113956467,42.25352112676056,0.37470000000000003,77.65685019206146,0.29999999999999993,53.13700384122919,91.93341869398208,73.54353393085789
600704.SH,物产中大,仓储物流,SSE,5.53,7.5279,0.7074,0.0484,1.3987,0.9,2859662.4792,2859662.4792,5.6058,2026-03-09,285.96624792,285.96624792,-1.073345259391767,1.2820512820512775,,0.9753946556133699,27.74181725659482,97.63124199743918,97.0550576184379,99.74391805377721,96.22279129321383,43.9820742637644,44.558258642765686,0.10129999999999995,94.1741357234315,0.29999999999999993,53.13700384122919,64.14852752880921,73.49231754161332
600998.SH,九州通,医药商业,SSE,5.28,9.5542,1.0056,0.1688,0.7294,0.89,2662424.2836,2662424.2836,3.7458,2026-03-09,266.24242836,266.24242836,2.5242718446601975,3.937007874015741,,1.0087886893389377,20.157709828754864,95.83866837387964,90.97311139564661,98.65556978233035,84.63508322663252,62.13188220230473,53.52112676056338,0.7706,53.457106274007685,0.30999999999999994,50.736235595390525,87.13188220230474,73.49071702944943
600742.SH,富维股份,汽车配件,SSE,10.41,15.4625,0.9245,0.3914,1.952,0.79,773523.2531,773523.2531,6.4361,2026-03-09,77.35232531,77.35232531,9.69441517386722,6.769230769230772,,1.0352714977126567,35.08096690142613,81.62612035851473,93.46991037131882,95.58258642765685,97.82330345710626,84.50704225352112,61.651728553137005,0.45199999999999996,72.88732394366197,0.4099999999999999,31.04993597951345,43.085787451984636,73.47631241997438
000951.SZ,中国重汽,汽车整车,SZSE,20.75,15.275,1.6062,0.4703,2.2508,1.39,2437853.922,2437853.922,3.4525,2026-03-09,243.7853922,243.7853922,11.8598382749326,21.915393654524085,,1.141573445809646,51.100979655341504,82.3303457106274,70.99871959026889,93.91805377720871,81.49807938540333,88.02816901408451,86.10755441741357,0.7507999999999999,54.48143405889885,0.18999999999999995,73.75160051216389,16.38924455825864,73.45710627400769
002479.SZ,富春环保,新型电力,SZSE,5.58,21.4114,1.1453,0.8663,2.6803,1.14,482670.0,481594.647,2.6882,2026-03-09,48.267,48.1594647,6.083650190114076,12.04819277108433,,1.0850050231714037,25.05873068257164,62.22791293213829,87.25992317541613,85.595390524968,71.95902688860436,75.28809218950065,73.75160051216389,1.1803,35.979513444302185,0.06000000000000005,92.797695262484,73.5595390524968,73.29385403329066
000157.SZ,中联重科,工程机械,SZSE,9.35,18.798,1.4288,1.676,1.5577,1.4,8086380.4457,6610840.2344,5.3476,2026-03-09,808.63804457,661.08402344,8.217592592592581,11.177170035671825,,1.0427315477407482,44.31411174790004,70.42253521126761,77.46478873239437,64.9807938540333,95.45454545454545,80.98591549295774,72.59923175416134,0.057700000000000085,96.86299615877081,0.19999999999999996,71.79897567221511,25.22407170294494,73.25864276568501
601991.SH,大唐发电,火力发电,SSE,4.06,11.0676,2.2043,0.6167,1.2571,0.86,7513724.4646,5032812.177,2.8842,2026-03-09,751.37244646,503.2812177,8.847184986595158,13.407821229050265,,1.0891044842848838,30.94680030889806,93.08578745198463,51.02432778489116,90.97311139564661,74.96798975672215,82.33034571062741,76.24839948783611,0.2428999999999999,84.89116517285531,0.33999999999999997,44.078104993597954,54.03329065300896,73.0921895006402
601200.SH,上海环境,环境保护,SSE,8.81,19.9408,1.023,1.8103,1.6045,1.1,1186028.8511,1186028.8511,1.1351,2026-03-09,118.60288511,118.60288511,5.005959475566146,8.765432098765435,,1.0613392229695815,20.28746010266322,66.77336747759284,90.58898847631242,61.20358514724712,33.546734955185656,71.51088348271448,67.41357234314981,0.10450000000000004,93.66197183098592,0.09999999999999987,88.63636363636364,86.55569782330346,72.93533930857875
000999.SZ,华润三九,中成药,SZSE,30.07,14.6248,2.2571,1.5822,1.1486,1.12,5004303.099,4999720.867,2.3178,2026-03-09,500.43030990000005,499.9720867,7.010676156583617,6.517888770811187,,1.0491486788239672,21.02423182430338,84.37900128040974,49.423815620998724,67.41357234314981,64.9807938540333,78.29705505761844,60.62740076824584,0.35139999999999993,78.93725992317542,0.07999999999999985,90.65300896286811,84.25096030729834,72.84250960307298
002078.SZ,太阳纸业,造纸,SZSE,16.56,14.2049,1.5169,1.181,1.1153,1.12,4627750.1571,4599366.4313,2.4155,2026-03-09,462.77501571000005,459.93664313000005,5.544933078393877,7.184466019417468,,1.0369118061425753,32.91397072909783,85.2752880921895,74.39180537772087,79.449423815621,67.09346991037131,73.11139564660691,62.54801536491678,0.38470000000000004,77.14468629961587,0.07999999999999985,90.65300896286811,47.82330345710627,72.53201024327785
601369.SH,陕鼓动力,机械基件,SSE,12.1,21.0032,2.3739,2.0499,1.7208,1.29,2085404.1353,2064515.6633,3.5537,2026-03-09,208.54041353,206.45156633,13.08411214953271,29.828326180257502,,1.1494980841698597,42.13187414044859,63.572343149807935,44.686299615877076,55.63380281690141,82.84250960307298,89.75672215108835,91.101152368758,0.2208000000000001,86.23559539052496,0.09000000000000008,89.27656850192062,29.065300896286814,72.25992317541612
000932.SZ,华菱钢铁,普钢,SZSE,6.19,15.3101,0.7685,0.3328,1.0917,1.06,4241765.07,4241765.07,1.6188,2026-03-09,424.176507,424.176507,8.21678321678323,10.535714285714292,,1.052959854842368,55.799798036006024,82.13828425096031,95.90268886043533,96.73495518565942,49.10371318822023,80.92189500640204,71.51088348271448,0.4083000000000001,75.67221510883482,0.1399999999999999,82.01024327784891,11.779769526248401,72.19910371318821
002758.SZ,浙农股份,批发业,SZSE,10.81,12.8171,1.1722,0.1265,3.0597,1.29,560825.5014,560179.9552,2.7255,2026-03-09,56.082550139999995,56.01799552,6.607495069033531,8.425275827482448,,1.0494975809452922,36.5005563636768,89.43661971830986,85.97951344430217,99.29577464788733,72.85531370038413,76.82458386683739,66.38924455825864,1.5596999999999999,28.297055057618437,0.09000000000000008,89.27656850192062,40.07682458386683,72.00384122919334
601916.SH,浙商银行,银行,SSE,3.01,5.9265,0.466,1.2899,0.7076,0.92,8266855.4249,6484875.2249,5.1827,2026-03-09,826.68554249,648.48752249,2.3809523809523725,-2.272727272727282,,1.0013306719893547,12.445042154660154,98.65556978233035,99.29577464788733,76.24839948783611,94.62227912932138,61.4596670934699,32.3303457106274,0.7924,52.36875800256082,0.2799999999999999,57.74647887323944,98.71959026888604,71.83418693982074
600710.SH,苏美达,商贸代理,SSE,14.33,13.8176,2.2011,0.159,3.6558,1.2,1872571.9389,1872571.9389,2.575,2026-03-09,187.25719389,187.25719389,26.1443661971831,34.17602996254683,,1.2445177819271356,65.65853731404555,86.17157490396927,51.280409731113956,98.78361075544174,69.91037131882202,97.43918053777209,92.31754161331625,2.1558,21.959026888604356,0.0,99.58386683738796,5.569782330345703,71.78937259923175
002116.SZ,中国海诚,建筑工程,SZSE,11.05,15.0165,1.8566,0.7386,1.5139,0.99,514702.4241,509073.4569,2.8014,2026-03-09,51.47024241,50.90734569,2.4096385542168752,2.982292637465056,,1.032244001930592,24.857064150628137,83.22663252240717,61.01152368758002,88.15620998719591,73.8156209987196,61.58770806658131,50.06402048655569,0.013900000000000023,99.23175416133162,0.20999999999999996,70.00640204865557,74.19974391805378,71.71254801536492
002128.SZ,电投能源,煤炭开采,SZSE,33.27,14.7389,2.0028,2.449,1.5902,1.0,7457715.0112,7457715.0112,2.4046,2026-03-09,745.7715011199999,745.7715011199999,24.60674157303373,24.420344053851917,,1.1456217072414863,53.74691134410372,84.18693982074264,56.33802816901409,47.183098591549296,66.77336747759283,97.24711907810499,87.83610755441741,0.09020000000000006,94.87836107554418,0.19999999999999996,71.79897567221511,13.892445582586433,71.2676056338028
600233.SH,圆通速递,仓储物流,SSE,19.11,16.5218,1.9601,0.886,0.7441,1.15,6540540.1963,6540540.1963,1.8825,2026-03-09,654.05401963,654.05401963,13.885578069129911,9.764503159103954,,1.0964589329941763,34.52480964228541,78.36107554417413,57.68245838668374,85.08322663252241,55.953905249679906,91.0371318822023,69.97439180537772,0.7559,54.03329065300896,0.050000000000000044,93.854033290653,43.72599231754162,71.02112676056339
600039.SH,四川路桥,建筑工程,SSE,10.01,11.2506,1.7598,0.8012,0.3962,1.28,8704286.2356,8704286.2356,4.0921,2026-03-09,870.42862356,870.42862356,3.9460020768431914,5.368421052631578,,1.008005639192387,28.56845530805103,92.76568501920615,64.6606914212548,86.93982074263765,87.45198463508322,67.4775928297055,57.49039692701664,1.1038000000000001,38.92445582586428,0.08000000000000007,90.14084507042253,61.52368758002561,70.98591549295774
000544.SZ,中原环保,环境保护,SZSE,9.06,8.3252,0.9733,1.6803,1.3292,0.66,883064.1461,883064.1461,2.8698,2026-03-09,88.30641461,88.30641461,7.218934911242614,5.841121495327095,,1.06171875,24.70498256726734,97.24711907810499,92.12548015364916,64.7247119078105,74.77592829705506,78.74519846350833,58.64276568501921,0.17080000000000006,89.94878361075544,0.5399999999999999,10.371318822023042,74.32778489116518,70.96030729833547
601838.SH,成都银行,银行,SSE,16.91,5.3837,0.8451,3.0497,0.9078,0.96,7167194.187,7167194.187,5.2691,2026-03-09,716.7194187,716.7194187,5.16169154228856,-1.3418903150525074,,1.0372960372960374,18.36357637241631,99.29577464788733,95.07042253521126,37.06786171574904,95.00640204865557,72.34314980793854,35.46734955185659,0.5922,64.53265044814341,0.24,64.7887323943662,91.61331626120358,70.9090909090909
600015.SH,华夏银行,银行,SSE,6.83,3.9963,0.3541,1.1826,0.4156,0.77,10869896.1436,10509473.9804,5.9297,2026-03-09,1086.98961436,1050.94739804,6.220839813374801,-1.0144927536231974,,1.0202912983941241,13.783177672179942,99.93597951344431,99.80793854033291,79.3854033290653,96.79897567221511,75.60819462227913,36.555697823303454,1.0844,39.500640204865554,0.42999999999999994,26.85659411011524,97.82330345710628,70.83546734955185
600449.SH,宁夏建材,水泥,SSE,13.62,22.3029,0.8788,1.099,1.9925,1.2,651282.5792,651282.5792,1.5419,2026-03-09,65.12825792000001,65.12825792000001,5.255023183925811,5.255023183925811,,1.0530927835051545,28.449899676167217,59.28297055057619,94.49423815620999,81.04993597951344,46.60691421254802,72.53521126760563,57.36235595390525,0.49249999999999994,70.2944942381562,0.0,99.58386683738796,62.035851472471194,70.81946222791294
000726.SZ,鲁泰Ａ,纺织,SZSE,7.44,9.727,0.6334,1.0153,1.7503,0.89,608076.3485,438303.6343,2.6882,2026-03-09,60.80763485,43.83036343,-0.13422818791946067,4.347826086956519,,1.0133708655876146,26.16888936133809,95.64660691421255,97.95134443021767,82.26632522407171,71.95902688860436,48.84763124199744,54.86555697823303,0.25029999999999997,84.50704225352112,0.30999999999999994,50.736235595390525,69.33418693982074,70.79705505761844
600780.SH,通宝能源,火力发电,SSE,6.69,12.4731,0.9355,0.6878,2.1996,0.92,767010.1879,767010.1879,,2026-03-09,76.70101879,76.70101879,10.032894736842103,13.58234295415961,,1.1112341509329497,24.58114577535626,90.20486555697823,93.08578745198463,89.404609475032,2.0166453265044813,85.2112676056338,76.5685019206146,0.6996000000000002,57.87451984635083,0.2799999999999999,57.74647887323944,74.58386683738796,70.75864276568501
000027.SZ,深圳能源,火力发电,SZSE,7.07,18.2388,1.0274,0.7779,0.8827,0.84,3363474.6706,3363474.6706,2.1216,2026-03-09,336.34746706,336.34746706,6.636500754147812,6.156156156156167,,1.0468645887317687,19.70400102226999,72.59923175416134,90.39692701664532,87.06786171574905,61.20358514724712,77.01664532650449,59.53905249679897,0.6173,63.38028169014084,0.36,39.56466069142125,88.2202304737516,70.72663252240717
002081.SZ,金螳螂,装修装饰,SZSE,3.57,20.7261,0.6905,0.5582,1.2434,1.01,947950.557,944123.9454,2.8011,2026-03-09,94.7950557,94.41239454,-1.3812154696132617,8.841463414634143,,1.0022928267278086,30.323228291762742,64.91677336747759,97.31113956466069,91.90140845070422,73.75160051216389,41.35723431498079,67.66965428937259,0.25659999999999994,83.93085787451984,0.18999999999999995,73.75160051216389,56.33802816901409,70.54417413572342
600803.SH,新奥股份,供气供热,SSE,21.8,15.2416,2.913,0.5076,1.4871,1.19,6748811.5333,6696364.2213,5.5417,2026-03-09,674.8811533300001,669.63642213,13.778705636743215,0.4608294930875667,,1.0584408228001747,57.50418715410187,82.4583866837388,28.80921895006402,93.21382842509603,95.96670934699104,90.65300896286811,40.524967989756725,0.012899999999999912,99.35979513444302,0.010000000000000009,98.59154929577464,10.179257362355955,70.53457106274007
002746.SZ,仙坛股份,农业综合,SZSE,6.44,19.2893,1.2165,0.9856,3.1154,1.13,554186.9402,457031.4902,3.882,2026-03-09,55.41869402,45.70314902,1.5772870662460692,6.799336650082921,,1.0348983581969629,21.43545511240566,68.88604353393086,84.76312419974391,83.09859154929578,86.04353393085788,58.25864276568502,61.7157490396927,1.6154000000000002,27.592829705505764,0.07000000000000006,91.61331626120358,83.09859154929578,70.50576184379001
600713.SH,南京医药,医药商业,SSE,5.35,13.195,1.0051,0.1299,0.858,0.91,700278.735,690065.5979,3.1768,2026-03-09,70.0278735,69.00655979000001,-1.1090573012939142,3.082851637764916,,0.9851158508516187,19.361992400418593,88.0921895006402,91.0371318822023,99.10371318822023,78.61715749039692,43.34186939820743,50.44814340588989,0.642,62.22791293213829,0.2899999999999999,55.441741357234314,89.18053777208706,70.43854033290653
000543.SZ,皖能电力,火力发电,SZSE,8.69,8.253,1.1467,0.6717,2.3056,0.74,1969904.2346,1969904.2346,3.6709,2026-03-09,196.99042346000002,196.99042346000002,9.583858764186637,5.975609756097566,,1.045832915454819,29.6213875874752,97.37516005121638,87.06786171574905,89.75672215108835,83.80281690140845,84.25096030729834,59.02688860435339,0.8056000000000001,51.72855313700384,0.45999999999999996,20.742637644046084,58.51472471190781,70.39052496798975
600332.SH,白云山,中成药,SSE,25.17,13.7017,1.0795,0.5278,0.9049,0.98,4092115.8186,3538627.5186,3.1784,2026-03-09,409.21158185999997,353.86275186,0.2788844621513853,-2.6682134570765625,,0.9886354709471314,8.857983126074974,86.55569782330346,89.11651728553137,92.57362355953906,78.74519846350833,51.53649167733675,30.92189500640205,0.5951,64.27656850192062,0.21999999999999997,68.30985915492957,99.8719590268886,70.31370038412292
000928.SZ,中钢国际,建筑工程,SZSE,7.15,13.6649,1.2141,0.7214,2.5796,0.83,1025770.904,1025758.3558,4.1818,2026-03-09,102.5770904,102.57583558,7.843137254901977,7.680722891566272,,1.0670580041786888,28.898275362479453,86.81177976952625,84.82714468629962,88.66837387964148,88.66837387964148,80.08962868117798,63.76440460947504,1.0796000000000001,39.94878361075544,0.37,37.676056338028175,60.627400768245835,70.30089628681178
000900.SZ,现代投资,路桥,SZSE,4.28,17.6506,0.5833,0.9188,1.2078,0.86,649630.527,649601.637,3.5047,2026-03-09,64.9630527,64.9601637,1.904761904761898,-0.6960556844547439,,1.018643395477985,18.673357595131687,74.96798975672215,98.46350832266326,84.25096030729834,82.01024327784891,59.73111395646606,37.64404609475032,0.2922,82.13828425096031,0.33999999999999997,44.078104993597954,90.97311139564661,70.29449423815622
600526.SH,菲达环保,环境保护,SSE,5.87,18.2622,1.1666,1.1159,1.4661,0.88,521668.5671,512455.1912,1.7055,2026-03-09,52.16685671,51.24551912,3.7102473498233257,10.546139359698703,,1.060683631983135,30.52725295717988,72.53521126760563,86.17157490396927,80.60179257362356,51.984635083226635,66.96542893725992,71.57490396927017,0.03390000000000004,98.27144686299616,0.31999999999999995,48.46350832266325,55.761843790012804,70.16005121638923
000531.SZ,穗恒运Ａ,火力发电,SZSE,7.15,17.6405,1.0785,1.7991,2.9462,1.23,744601.9524,650468.0239,1.94,2026-03-09,74.46019523999999,65.04680239,15.322580645161299,8.497723823975733,,1.0737347950142664,30.880713459586072,75.03201024327785,89.18053777208706,61.651728553137005,57.234314980793854,92.38156209987196,66.51728553137004,1.4462000000000002,30.02560819462228,0.030000000000000027,95.77464788732394,54.289372599231754,70.15364916773369
600248.SH,陕建股份,建筑工程,SSE,3.64,12.287,0.471,0.0996,0.8545,0.89,1361263.6441,1348889.1001,2.4725,2026-03-09,136.12636440999998,134.88891001,3.116147308781869,-1.6216216216216273,,1.0097087378640779,21.80345451634544,90.52496798975672,99.23175416133162,99.48783610755441,68.11779769526248,64.8527528809219,34.571062740076826,0.6455,61.9078104993598,0.30999999999999994,50.736235595390525,82.202304737516,70.13444302176696
601918.SH,新集能源,煤炭开采,SSE,8.04,10.0893,1.2775,1.6874,4.6167,1.12,2082795.6072,2082795.6072,2.6119,2026-03-09,208.27956072,208.27956072,16.521739130434753,14.693295292439368,,1.1276560929427988,43.996822104741526,95.07042253521126,82.6504481434059,64.53265044814341,70.6786171574904,93.53393085787451,78.10499359795135,3.1167,13.508322663252244,0.07999999999999985,90.65300896286811,25.60819462227913,70.01600512163891
600894.SH,广日股份,运输设备,SSE,9.38,12.0233,0.9364,1.1199,0.6443,0.9,798874.3036,790869.4894,7.5031,2026-03-09,79.88743036,79.08694894,0.4282655246252709,2.8508771929824706,,0.9984742575311361,22.74142686771738,91.2932138284251,93.02176696542894,80.53777208706786,98.84763124199743,52.24071702944942,49.55185659411011,0.8557,49.61587708066582,0.29999999999999993,53.13700384122919,80.21766965428938,69.93597951344431
600987.SH,航民股份,纺织,SSE,7.73,10.8504,1.2242,0.7222,2.2048,0.95,789092.9888,789092.9888,5.1746,2026-03-09,78.90929888000001,78.90929888000001,5.601092896174875,7.063711911357351,,1.0383504600711935,55.3967798987574,93.79001280409732,84.60307298335468,88.5403329065301,94.49423815620999,73.4314980793854,62.29193341869398,0.7048000000000001,57.36235595390525,0.25,63.18822023047375,12.099871959026885,69.76632522407171
002367.SZ,康力电梯,运输设备,SZSE,8.29,16.6807,1.8276,1.5469,1.9807,1.51,661330.983,658709.4985,3.6188,2026-03-09,66.1330983,65.87094985,3.3665835411471168,12.789115646258487,,1.0575103646220898,25.307590572353746,77.78489116517285,62.099871959026885,68.95006402048656,83.61075544174136,65.68501920614597,74.90396927016644,0.4806999999999999,71.51088348271448,0.31000000000000005,49.647887323943664,72.79129321382842,69.72791293213828
600017.SH,日照港,港口,SSE,3.16,17.8511,0.6966,1.2394,1.4788,0.72,971906.6286,971906.6286,3.7658,2026-03-09,97.19066286,97.19066286,1.9354838709677358,4.290429042904309,,1.0275308909603296,24.701604025486173,74.13572343149808,97.1830985915493,77.78489116517285,84.89116517285531,59.859154929577464,54.609475032010245,0.021200000000000108,98.91165172855314,0.48,17.221510883482722,74.39180537772087,69.62227912932138
000600.SZ,建投能源,火力发电,SZSE,9.58,10.2946,1.4861,0.713,3.8514,0.95,1727498.5322,1044268.7392,2.4054,2026-03-09,172.74985322,104.42687391999999,13.238770685579194,17.114914425427873,,1.1058099268949595,42.104280738978424,94.68629961587708,75.54417413572344,88.73239436619718,66.83738796414853,89.88476312419974,81.62612035851473,2.3514,19.462227912932136,0.25,63.18822023047375,29.129321382842505,69.48463508322664
601101.SH,昊华能源,煤炭开采,SSE,8.65,26.4258,1.031,1.4482,2.6818,1.04,1245598.206,1245598.206,5.2948,2026-03-09,124.5598206,124.5598206,13.0718954248366,15.179760319573909,,1.1313104891446508,45.607802681303916,45.710627400768246,90.17285531370038,71.83098591549296,95.26248399487837,89.69270166453265,78.87323943661971,1.1818,35.85147247119079,0.15999999999999992,78.84122919334187,24.007682458386682,69.45262483994878
600820.SH,隧道股份,建筑工程,SSE,6.47,7.9738,0.6589,0.3372,0.789,0.85,2034230.1728,2034230.1728,4.6368,2026-03-09,203.42301728,203.42301728,-1.3719512195121908,0.9360374414976613,,0.9890949857317571,20.73509217409846,97.50320102432778,97.63124199743918,96.54289372599231,91.93341869398208,41.42125480153649,43.149807938540334,0.711,56.946222791293216,0.35,41.677336747759284,85.3393085787452,69.44302176696543
001338.SZ,永顺泰,啤酒,SZSE,12.88,19.4281,1.7359,1.542,2.005,1.08,646229.3142,646229.3142,2.3292,2026-03-09,64.62293142,64.62293142,1.4173228346456845,6.622516556291402,,1.0330307850659681,18.48418231680453,68.37387964148527,65.74903969270167,69.07810499359795,65.42893725992317,57.554417413572345,61.01152368758002,0.5049999999999999,69.52624839948784,0.11999999999999988,85.81946222791294,91.2291933418694,69.30537772087068
600866.SH,星湖科技,饲料,SSE,7.69,9.9736,1.5379,0.7687,2.8426,0.76,1277672.4417,965686.6102,4.9415,2026-03-09,127.76724417000001,96.56866102,8.157524613220811,11.935953420669577,,1.072499476999605,30.6742747446062,95.19846350832266,73.4955185659411,87.32394366197184,93.27784891165173,80.72983354673495,73.68758002560818,1.3426,32.010243277848915,0.43999999999999995,24.77592829705506,55.18565941101152,69.28937259923175
600886.SH,国投电力,水力发电,SSE,14.02,17.0493,1.6934,2.0783,0.8,1.42,11222300.9553,10450760.0754,3.2561,2026-03-09,1122.23009553,1045.07600754,9.105058365758744,1.0086455331411948,,1.0528687293481527,13.38265150921511,76.3124199743918,67.6696542893726,54.54545454545455,79.89756722151088,83.22663252240717,43.46991037131882,0.7,57.74647887323944,0.21999999999999997,68.30985915492957,98.14340588988476,69.26696542893727
600528.SH,中铁工业,运输设备,SSE,8.49,13.0546,0.7597,0.6606,0.8213,0.88,1886097.2982,1886097.2982,1.2203,2026-03-09,188.60972982,188.60972982,4.556650246305427,6.390977443609014,,1.0281769740029065,23.224531894439995,88.79641485275287,96.09475032010243,89.94878361075544,36.36363636363637,69.84635083226632,59.98719590268886,0.6787,59.28297055057619,0.31999999999999995,48.46350832266325,78.93725992317542,69.26376440460946
600784.SH,鲁银投资,综合类,SSE,7.41,23.9894,1.5347,1.5242,1.9184,1.08,500658.3373,500658.3373,0.8907,2026-03-09,50.06583373,50.06583373,6.618705035971217,13.824884792626735,,1.0530055421344322,23.16777294935119,53.0089628681178,73.6235595390525,69.65428937259924,24.743918053777207,76.88860435339309,77.01664532650449,0.4184000000000001,75.03201024327785,0.11999999999999988,85.81946222791294,79.19334186939821,69.19334186939821
000719.SZ,中原传媒,出版业,SZSE,12.89,9.776,1.0777,1.4104,1.232,0.79,1318909.6325,859953.1829,4.6548,2026-03-09,131.89096325,85.99531829,2.7091633466135523,5.829228243021345,,1.031035034394497,34.27844576730868,95.45454545454545,89.30857874519846,72.85531370038413,92.06145966709347,63.38028169014085,58.57874519846351,0.268,83.41869398207426,0.4099999999999999,31.04993597951345,44.686299615877076,69.17733674775928
601163.SH,三角轮胎,汽车配件,SSE,14.69,13.0358,0.857,1.1914,0.9045,1.11,1175200.0,1175200.0,3.6079,2026-03-09,117.52,117.52,-3.355263157894739,-0.06802721088434716,,0.9836833999241089,19.911007284297277,89.05249679897567,94.87836107554418,78.93725992317542,83.35467349551855,29.2573623559539,39.372599231754165,0.5955,64.21254801536492,0.08999999999999986,89.7247119078105,87.83610755441741,69.09411011523687
603218.SH,日月股份,电气设备,SSE,14.41,26.916,1.4525,2.3321,1.331,1.06,1484721.7413,1481400.2363,2.4023,2026-03-09,148.47217413,148.14002363,8.102025506376599,11.188271604938272,,1.0631678614905993,31.665176808917188,44.366197183098585,76.82458386683739,49.35979513444302,66.70934699103714,80.60179257362356,72.66325224071703,0.16900000000000004,90.14084507042253,0.1399999999999999,82.01024327784891,51.600512163892446,69.0909090909091
605077.SH,华康股份,食品,SSE,16.35,19.8233,1.646,1.3532,1.6704,1.04,495486.6405,489567.123,4.2813,2026-03-09,49.54866405,48.9567123,4.272959183673475,5.962410887880765,,1.0474949814205785,42.824177292557884,67.22151088348272,69.46222791293214,74.64788732394366,89.82074263764405,68.95006402048655,58.9628681177977,0.1704000000000001,90.07682458386684,0.15999999999999992,78.84122919334187,27.912932138284248,68.98527528809218
600926.SH,杭州银行,银行,SSE,16.39,6.2434,0.8921,3.0622,0.4888,0.93,11881115.1762,11881115.1762,4.0268,2026-03-09,1188.11151762,1188.11151762,2.9522613065326775,3.799873337555426,,1.0392382723746922,16.44392282463862,98.46350832266326,94.30217669654289,36.811779769526254,87.00384122919334,64.27656850192062,53.0729833546735,1.0112,42.95774647887324,0.2699999999999999,59.60307298335467,94.68629961587708,68.98527528809218
601001.SH,晋控煤业,煤炭开采,SSE,17.62,15.2503,1.5687,2.2471,3.4492,1.38,2949059.4,2949059.4,4.2849,2026-03-09,294.90594,294.90594,23.130677847658987,20.519835841313274,,1.181493071077336,47.20709653209113,82.3943661971831,72.47119078104994,50.89628681177977,89.94878361075544,96.86299615877081,85.0192061459667,1.9491999999999998,23.94366197183099,0.17999999999999994,75.44814340588988,21.638924455825872,68.95646606914214
600919.SH,江苏银行,银行,SSE,10.47,5.6196,0.7715,2.2421,0.5258,0.92,19213836.7128,19213836.7128,5.2082,2026-03-09,1921.38367128,1921.38367128,3.972194637537241,-2.1495327102803663,,1.0161431205719647,15.431700154325398,99.03969270166453,95.71062740076825,51.08834827144687,94.81434058898847,67.5416133162612,32.58642765685019,0.9742,44.1101152368758,0.2799999999999999,57.74647887323944,96.54289372599231,68.92445582586427
600479.SH,千金药业,中成药,SSE,11.17,19.1011,1.8144,1.5127,2.2147,1.05,549798.5879,467472.4497,2.7403,2026-03-09,54.97985879,46.74724497,6.992337164750961,3.425925925925921,,1.0546358658022283,22.176129900597573,69.65428937259924,62.483994878361074,70.16645326504482,73.23943661971832,78.10499359795135,51.792573623559534,0.7147000000000001,56.59411011523687,0.1499999999999999,80.34571062740076,81.24199743918054,68.8572343149808
002608.SZ,江苏国信,火力发电,SZSE,8.22,8.7598,0.8893,0.9115,0.6166,0.85,3105581.5167,3105581.5167,1.2165,2026-03-09,310.55815167000003,310.55815167000003,8.730158730158744,4.0506329113924044,,1.058482669814358,21.884126602190808,96.9270166453265,94.36619718309859,84.50704225352112,36.23559539052496,82.1382842509603,53.90524967989757,0.8834,48.52752880921894,0.35,41.677336747759284,81.94622279129321,68.82522407170295
603967.SH,中创物流,仓储物流,SSE,12.84,17.1987,1.9029,0.479,1.4767,0.78,445120.0556,445120.0556,4.6729,2026-03-09,44.51200556,44.51200556,1.5019762845849716,3.6319612590798966,,0.9959407399746619,25.069008696463996,75.92829705505761,59.090909090909086,93.72599231754161,92.18950064020487,57.874519846350836,52.368758002560824,0.0233000000000001,98.84763124199743,0.41999999999999993,29.097311139564667,73.4314980793854,68.76760563380282
