symbol,name,industry,exchange,price,pe_ttm,pb,turnover_rate,market_cap_10k,circulating_cap_10k,dividend_yield_ttm,date,market_cap,circulating_cap,median_pe,median_pb,pe_discount,pb_discount,score
603508.SH,思维列控,IT设备,SSE,64.08,16.1987,2.5996,0.5585,999701.4165,999701.4165,12.5411,2026-03-06,99.97014165,99.97014165,40.9283,3.4168,60.421761959328876,23.91711542964177,68.96713941262408
601919.SH,中远海控,水运,SSE,30.34,6.3551,1.0855,1.185,24178733.6983,19826252.5678,10.1127,2026-03-06,2417.8733698300002,1982.62525678,18.44895,1.7695,65.5530531547866,38.654987284543665,68.15581744727774
601668.SH,中国建筑,建筑工程,SSE,10.55,4.6717,0.4327,0.7028,20866797.1742,20866797.1742,5.3762,2026-03-06,2086.6797174199996,2086.6797174199996,20.061799999999998,1.3445,76.71345542274372,67.81703235403495,67.15909187530798
600582.SH,天地科技,专用机械,SSE,254.7,9.002,0.9833,0.7471,2507984.8686,2507984.8686,5.231,2026-03-06,250.79848686000003,250.79848686000003,37.0845,2.8635,75.72570750583128,65.66090448751528,65.6815543485871
601186.SH,中国铁建,建筑工程,SSE,10.44,4.6282,0.3618,0.6673,9872326.6705,8362859.4785,4.1265,2026-03-06,987.2326670499999,836.2859478500001,20.061799999999998,1.3445,76.93028541805819,73.09036816660468,65.07872461720467
000651.SZ,格力电器,家用电器,SZSE,8174.28,6.6117,1.5089,0.4835,20949257.4713,20626681.7832,7.9981,2026-03-06,2094.9257471299998,2062.66817832,26.45625,2.3583499999999997,75.00892983699504,36.018826722072625,64.8035199514198
600704.SH,物产中大,仓储物流,SSE,103.03,7.664,0.7202,1.2319,2911374.2781,2911374.2781,5.5062,2026-03-06,291.13742781,291.13742781,24.67665,1.8864,68.9422997043764,61.8214588634436,62.64195754078364
600741.SH,华域汽车,汽车配件,SSE,804.16,8.6432,0.9221,0.3539,5968106.5017,5968106.5017,4.2261,2026-03-06,596.81065017,596.81065017,33.56925,2.6611000000000002,74.25262703217975,65.34891586186164,61.98402557143039
600894.SH,广日股份,运输设备,SSE,47.28,11.972,0.9325,0.4333,795467.5901,787496.9116,7.5352,2026-03-06,79.54675901,78.74969116,29.7898,1.9045,59.811747645167145,51.03701758991861,61.84140433504244
601390.SH,中国中铁,建筑工程,SSE,7.92,5.9011,0.4671,1.2735,14638929.6039,12143947.3339,4.3919,2026-03-06,1463.89296039,1214.39473339,20.061799999999998,1.3445,70.58539114137315,65.25846039419858,60.98739457480883
600742.SH,富维股份,汽车配件,SSE,181.50000000000003,15.7893,0.9441,1.3891,789870.5264,789870.5264,6.3029,2026-03-06,78.98705264,78.98705264,33.56925,2.6611000000000002,52.96499028128421,64.52219007177483,59.45135313404613
000498.SZ,山东路桥,建筑工程,SZSE,14.269999999999998,4.175,0.6009,0.8919,950093.9336,887000.2557,3.3299,2026-03-06,95.00939336,88.70002557,20.061799999999998,1.3445,79.18930504740352,55.3068055039048,58.25746367013285
601886.SH,江河集团,装修装饰,SSE,23.22,14.8839,1.4043,0.4322,985711.7922,985711.7922,6.3218,2026-03-06,98.57117922,98.57117922,42.15935,2.4941,64.69608758199546,43.69512048434304,57.95237117810109
000521.SZ,长虹美菱,家用电器,SZSE,32.71,9.8254,1.0396,1.4886,645762.1693,548988.4644,5.2632,2026-03-06,64.57621693,54.89884644000001,26.45625,2.3583499999999997,62.86170564611386,55.91833273263085,57.7097820782348
601800.SH,中国交建,建筑工程,SSE,11.24,6.3587,0.4525,0.3317,13198736.4665,9552312.5895,3.4423,2026-03-06,1319.87364665,955.2312589500001,20.061799999999998,1.3445,68.30443928261671,66.34436593529193,57.55198549363427
600502.SH,安徽建工,建筑工程,SSE,57.11000000000001,6.9291,0.7521,1.4021,825652.8242,825652.8242,6.0291,2026-03-06,82.56528242,82.56528242,20.061799999999998,1.3445,65.46122481532066,44.060989215321676,57.490086690724766
600694.SH,大商股份,百货,SSE,150.98,12.0993,0.6882,0.6892,605036.7038,605036.7038,5.2253,2026-03-06,60.50367038,60.50367038,37.911,1.3084,68.08498852575771,47.40140629776827,57.13031729963356
600153.SH,建发股份,仓储物流,SSE,156.17,13.3428,0.4929,0.4966,2716867.6223,2716867.6223,5.3887,2026-03-06,271.68676223,271.68676223,24.67665,1.8864,45.92945152603777,73.87086513994912,56.69914015239984
601717.SH,中创智领,专用机械,SSE,54.9,9.1243,1.7809,0.903,4124273.8383,3562402.8363,4.8485,2026-03-06,412.42738383,356.24028363,37.0845,2.8635,75.39592012835551,37.80687969268378,56.04593195914734
601163.SH,三角轮胎,汽车配件,SSE,18.31,13.2931,0.8739,0.5129,1198400.0,1198400.0,3.5381,2026-03-06,119.84,119.84,33.56925,2.6611000000000002,60.40096219009956,67.16019691105181,54.92274394935537
600861.SH,北京人力,文教休闲,SSE,48.33,8.4201,1.3638,0.6949,974279.9877,630875.3134,4.0616,2026-03-06,97.42799877,63.08753134,25.511899999999997,2.75305,66.99540214566535,50.462214634677906,54.12162524866952
002035.SZ,华帝股份,家用电器,SZSE,79.54,11.8997,1.3664,1.0866,519611.6678,479389.0899,6.3976,2026-03-06,51.96116678,47.93890899,26.45625,2.3583499999999997,55.02121426884007,42.06118684673606,53.819641761556845
002088.SZ,鲁阳节能,矿物制品,SZSE,72.94,23.7864,2.2139,0.7003,575210.4189,566992.1347,7.1365,2026-03-06,57.521041890000006,56.699213470000004,48.4429,3.6466499999999997,50.89806762188061,39.289484869674894,53.55557250965471
600820.SH,隧道股份,建筑工程,SSE,224.97,7.9861,0.6599,0.815,2037374.2689,2037374.2689,4.6296,2026-03-06,203.73742689,203.73742689,20.061799999999998,1.3445,60.1925051590585,50.91855708441799,53.241369188948795
601311.SH,骆驼股份,电气设备,SSE,30.44,14.9365,1.13,1.455,1113315.666,1113315.666,3.0558,2026-03-06,111.3315666,111.3315666,38.7738,3.1055,61.47785360217466,63.612944775398496,52.84242487348941
000623.SZ,吉林敖东,中成药,SZSE,480.48,8.7139,0.7376,0.852,2237520.2691,2228404.7683,2.6198,2026-03-06,223.75202691,222.84047683,22.1063,2.2639,60.58182509058503,67.419055611997,52.31784671983311
000589.SZ,贵州轮胎,汽车配件,SZSE,27.13,15.301,0.8733,1.8254,772648.3785,763981.4937,3.4073,2026-03-06,77.26483784999999,76.39814937,33.56925,2.6611000000000002,54.419595314164006,67.18274397805419,52.14456131908186
601766.SH,中国中车,运输设备,SSE,8.79,11.9873,1.0867,0.5366,18108983.2395,15350840.5683,5.0713,2026-03-06,1810.89832395,1535.08405683,29.7898,1.9045,59.76038778373807,42.94040430559202,52.00017640517284
002236.SZ,大华股份,IT设备,SZSE,850.19,15.4938,1.5818,1.0155,5972034.878,3844703.0449,3.5218,2026-03-06,597.2034878,384.47030449,40.9283,3.4168,62.144042141989765,53.70522125965815,51.53458323469335
000726.SZ,鲁泰Ａ,纺织,SZSE,55.48,9.897,0.6445,1.3915,618701.3384,445962.1655,2.642,2026-03-06,61.87013384,44.59621655,24.98775,1.8328,60.392592370261426,64.83522479266696,51.53360438590467
603187.SH,海容冷链,机械基件,SSE,75.51,17.3554,1.6138,2.2694,663476.4557,656515.3668,4.6287,2026-03-06,66.34764557000001,65.65153667999999,39.75035,3.1491,56.3390007886723,48.75361214315201,51.04778395841453
600210.SH,紫江企业,广告包装,SSE,45.4,8.989,1.6809,1.315,1120868.0208,1120868.0208,4.0595,2026-03-06,112.08680208000001,112.08680208000001,43.1325,2.1463,79.15956645221121,21.683827983040583,50.34747497579666
601686.SH,友发集团,钢加工,SSE,7.81,11.0088,1.4241,0.5837,909145.8236,909145.8236,7.0081,2026-03-06,90.91458236,90.91458236,28.39295,1.69585,61.2269947293254,16.024412536486132,50.322421652676
000404.SZ,长虹华意,家用电器,SZSE,35.52,11.1723,1.1932,1.782,507381.0687,504992.568,4.1152,2026-03-06,50.73810687,50.499256800000005,26.45625,2.3583499999999997,57.77065910701631,49.40530455615154,50.275455009651985
002705.SZ,新宝股份,家用电器,SZSE,29.669999999999998,11.0223,1.2794,0.6385,1104151.0608,1099020.624,4.3772,2026-03-06,110.41510608000002,109.9020624,26.45625,2.3583499999999997,58.3376328844791,45.75020671232004,50.19171516748765
002322.SZ,理工能科,软件服务,SZSE,76.65,22.4865,1.9779,2.1113,513932.3258,494067.9487,4.54,2026-03-06,51.393232579999996,49.40679487,51.951049999999995,3.65165,56.715985528685174,45.83544425122889,50.057027486842735
002081.SZ,金螳螂,装修装饰,SZSE,135.74,21.0164,0.7001,1.3421,961227.1754,957346.9698,2.7624,2026-03-06,96.12271754,95.73469698,42.15935,2.4941,50.15008533101199,71.92975421995911,49.926160398392526
002375.SZ,亚厦股份,装修装饰,SZSE,28.27,17.8343,0.6852,1.1129,561458.5327,555926.5595,1.6192,2026-03-06,56.145853269999996,55.592655949999994,42.15935,2.4941,57.69787722059283,72.5271641072932,49.694900120425096
000030.SZ,富奥股份,汽车配件,SZSE,14.019999999999998,13.6901,1.1291,0.646,920098.8021,893934.9481,2.8403,2026-03-06,92.00988020999999,89.39349481,33.56925,2.6611000000000002,59.218332253476014,57.57017774604487,49.479286225203865
600866.SH,星湖科技,饲料,SSE,124.42,10.1551,1.5659,3.3436,1300933.0583,983267.3807,4.8531,2026-03-06,130.09330583,98.32673807,31.7267,2.1063,67.99194369411254,25.656364240611495,49.45298674982846
000581.SZ,威孚高科,汽车配件,SZSE,114.54000000000002,15.892,1.2212,5.3685,2438233.5177,2002132.6976,3.9769,2026-03-06,243.82335177000002,200.21326976,33.56925,2.6611000000000002,52.65905553445489,54.10920296118147,49.2270831021364
002091.SZ,江苏国泰,商贸代理,SZSE,67.31,11.4702,0.9611,1.6804,1484475.7973,1456303.9121,5.1533,2026-03-06,148.44757973,145.63039121,29.2844,1.39745,60.83170561800822,31.22473075959784,49.16000147508264
600729.SH,重庆百货,百货,SSE,71.13,10.011,1.3084,1.6795,1021851.1386,446560.1981,6.5566,2026-03-06,102.18511386,44.65601981,37.911,1.3084,73.59341615889848,0.0,49.107166463559395
600300.SH,维维股份,软饮料,SSE,21.16,14.8024,1.7085,3.3418,601576.891,601576.891,3.4409,2026-03-06,60.15768909999999,60.15768909999999,30.2999,4.3829,51.147033488559366,61.01896004928244,49.08720141020848
603035.SH,常熟汽饰,汽车配件,SSE,18.02,14.1889,1.0368,1.0427,550619.6612,550619.6612,2.3187,2026-03-06,55.061966119999994,55.061966119999994,33.56925,2.6611000000000002,57.7324485950684,61.03866821990906,48.36067990400007
601598.SH,中国外运,仓储物流,SSE,7.490000000000001,11.4499,1.1286,0.6532,4318598.2387,3104797.0767,4.8208,2026-03-06,431.85982386999996,310.47970767,24.67665,1.8864,53.600265838353266,40.17175572519084,47.954033052898566
600064.SH,南京高科,园区开发,SSE,155.59,6.4817,0.7654,0.9321,1507125.8299,1507125.8299,3.4443,2026-03-06,150.71258299,150.71258299,19.03525,1.2011500000000002,65.9489631079182,36.27773383840487,47.59580539468874
000921.SZ,海信家电,家用电器,SZSE,28.269999999999996,9.5226,1.8942,0.5527,3205953.6109,2125453.5018,5.3089,2026-03-06,320.59536109000004,212.54535018,26.45625,2.3583499999999997,64.00623671155209,19.681132995526518,47.43353458327879
600273.SH,嘉化能源,化工原料,SSE,15.419999999999998,14.6154,1.5091,2.3644,1519705.0646,1519705.0646,3.5073,2026-03-06,151.97050646,151.97050646,36.8989,2.6035,60.39068915333519,42.035721144613014,47.28889200471799
603611.SH,诺力股份,专用机械,SSE,79.69,12.4385,1.9621,1.5121,616181.0921,616181.0921,3.75,2026-03-06,61.61810921,61.61810921,37.0845,2.8635,66.45903274953147,31.47895931552297,47.277300894469484
002543.SZ,万和电气,家用电器,SZSE,49.48,9.8,1.3226,0.618,669240.0,595449.9027,2.8808,2026-03-06,66.924,59.54499027,26.45625,2.3583499999999997,62.95771320576423,43.91841753768524,47.001010543611265
002483.SZ,润邦股份,专用机械,SZSE,26.3,15.8272,1.6391,1.9112,718925.8829,717938.398,3.6991,2026-03-06,71.89258828999999,71.7938398,37.0845,2.8635,57.32125281451819,42.758861533088876,46.85345958573394
002327.SZ,富安娜,纺织,SZSE,94.57,14.19,1.6698,1.2225,580065.913,339735.7863,8.9595,2026-03-06,58.0065913,33.97357863,24.98775,1.8328,43.212173965242975,8.893496289829772,46.83141847304612
002572.SZ,索菲亚,家居用品,SZSE,311.33,11.0452,1.7336,1.3142,1249072.1717,844948.3151,7.7101,2026-03-06,124.90721717000001,84.49483151,21.7759,1.9889,49.2778714083,12.83624113831766,46.6923209048153
000544.SZ,中原环保,环境保护,SZSE,39.84,8.3435,0.9755,1.1732,885013.5151,885013.5151,2.8634,2026-03-06,88.50135150999999,88.50135150999999,24.110750000000003,1.6168,65.39510384372116,39.66476991588323,46.647672512253436
000885.SZ,城发环境,环境保护,SZSE,31.43,7.611,0.989,1.1951,905972.4178,905972.4178,2.523,2026-03-06,90.59724178,90.59724178,24.110750000000003,1.6168,68.43316777785843,38.829787234042556,46.591203281356144
001308.SZ,康冠科技,元器件,SZSE,38.69,18.6666,1.8314,0.6659,1452387.4787,1025123.6271,2.6119,2026-03-06,145.23874787,102.51236271,46.41985,3.6221,59.78746161394317,49.438171226636484,46.58213601356822
600597.SH,光明乳业,乳制品,SSE,19.44,15.6767,1.1495,0.5985,1086237.3252,1086222.826,2.0305,2026-03-06,108.62373252,108.62228259999999,35.6722,2.8816,56.05345338947415,60.10896724042198,46.54557152791625
603368.SH,柳药集团,医药商业,SSE,56.95,8.8688,0.907,1.2633,695914.294,695914.294,4.2861,2026-03-06,69.5914294,69.5914294,25.119799999999998,1.2187000000000001,64.6939864170893,25.57643390498072,46.40882473832994
600987.SH,航民股份,纺织,SSE,47.27,11.2434,1.2686,2.5385,817675.9173,817675.9173,4.9938,2026-03-06,81.76759172999999,81.76759172999999,24.98775,1.8328,55.00435213254495,30.783500654735928,46.21819104943876
600060.SH,海信视像,家用电器,SSE,166.39,11.4752,1.44,0.9064,2942712.4328,2931880.4659,3.9024,2026-03-06,294.27124328,293.18804659,26.45625,2.3583499999999997,56.62575005905977,38.94036084550638,46.039608277275825
002884.SZ,凌霄泵业,机械基件,SZSE,107.67000000000002,13.9213,2.792,0.852,645616.9287,492895.8408,5.5402,2026-03-06,64.56169287,49.28958408,39.75035,3.1491,64.97817000353456,11.339747864469219,46.013792360754586
601137.SH,博威合金,小金属,SSE,46.41,16.7628,1.8609,2.9818,1905377.5501,1903966.5501,2.1326,2026-03-06,190.53775501,190.39665501000002,46.013149999999996,3.52495,63.56954479317325,47.20776181222429,45.987946460936584
600483.SH,福能股份,新型电力,SSE,30.78,9.6461,1.106,1.1456,2902463.8632,2902463.8632,3.6686,2026-03-06,290.24638632,290.24638632,27.9625,1.5627,65.5034421099687,29.225059192423362,45.97469460171449
600177.SH,雅戈尔,服饰,SSE,281.08,12.4609,0.7646,0.4789,3245656.2152,3245656.2152,5.1123,2026-03-06,324.56562152,324.56562152,19.0293,1.7297,34.51729701039975,55.795802740359605,45.882559626267785
000848.SZ,承德露露,软饮料,SZSE,208.1,13.3572,2.6117,0.5603,842520.0611,835205.0051,3.7372,2026-03-06,84.25200611000001,83.52050050999999,30.2999,4.3829,55.91668619368381,40.411599625818525,45.70175436521908
002984.SZ,森麒麟,汽车配件,SZSE,29.18,13.7117,1.5303,1.1541,2023279.5409,1393738.8595,3.0201,2026-03-06,202.32795409,139.37388595000002,33.56925,2.6611000000000002,59.15398765239021,42.49370561046184,45.47000674409463
002701.SZ,奥瑞金,广告包装,SZSE,54.28,12.6179,1.4258,1.4092,1395069.4556,1393786.1397,2.2018,2026-03-06,139.50694556,139.37861397,43.1325,2.1463,70.74618906856777,33.569398499743755,44.97469517735024
002061.SZ,浙江交科,建筑工程,SZSE,14.45,9.2932,0.6986,1.0767,1101811.4064,1070844.8148,3.0297,2026-03-06,110.18114064,107.08448148000001,20.061799999999998,1.3445,53.67713764467794,48.040163629602084,44.9720041467518
002508.SZ,老板电器,家用电器,SZSE,161.9,12.6029,1.6923,0.6746,1931455.1443,1908179.8526,4.8924,2026-03-06,193.14551443,190.81798526,26.45625,2.3583499999999997,52.3632412000945,28.242203235312825,44.095157450631646
002073.SZ,软控股份,专用机械,SZSE,75.3,16.9866,1.2914,1.7874,791307.7042,786960.4746,1.9327,2026-03-06,79.13077042,78.69604746,37.0845,2.8635,54.194879262225456,54.90134450846866,43.946455057430775
600528.SH,中铁工业,运输设备,SSE,26.609999999999996,13.1469,0.7651,1.0222,1899426.6077,1899426.6077,1.2117,2026-03-06,189.94266077,189.94266077,29.7898,1.9045,55.86778024693015,59.82672617484904,43.93022995122677
601966.SH,玲珑轮胎,汽车配件,SSE,17.59,17.9686,0.9432,0.8725,2170374.4789,2170374.4789,1.7465,2026-03-06,217.03744789,217.03744789,33.56925,2.6611000000000002,46.473037080065836,64.55601067227839,43.19551803370985
600015.SH,华夏银行,银行,SSE,25.66,4.0138,0.3556,0.3538,10917640.929,10555635.6523,5.9038,2026-03-06,1091.7640929,1055.56356523,6.088150000000001,0.5860000000000001,34.07192661153224,39.31740614334471,43.135392487616315
603995.SH,甬金股份,特种钢,SSE,32.82,10.5241,1.2356,1.0923,706373.7731,706373.7731,4.118,2026-03-06,70.63737731,70.63737731,19.8559,2.0387,46.99761783651206,39.39275028204248,42.97087221921757
002563.SZ,森马服饰,服饰,SZSE,40.06,15.6517,1.3016,0.739,1438644.1454,1179308.2096,9.3633,2026-03-06,143.86441454,117.93082095999999,19.0293,1.7297,17.749470553304636,24.749956639879745,42.61467521328578
600690.SH,海尔智家,家用电器,SSE,997.71,11.1228,1.9914,0.3941,23312787.3099,15545028.6297,4.9166,2026-03-06,2331.27873099,1554.50286297,26.45625,2.3583499999999997,57.95776045357902,15.559607352598203,42.600786387211066
600248.SH,陕建股份,建筑工程,SSE,16.31,12.287,0.471,0.7827,1361263.6441,1348889.1001,2.4725,2026-03-06,136.12636440999998,134.88891001,20.061799999999998,1.3445,38.75424936944839,64.96838973596132,42.409716668567754
000725.SZ,京东方Ａ,元器件,SZSE,16.3,24.4723,1.2237,2.581,16188371.364,15881307.0334,1.1558,2026-03-06,1618.8371364,1588.1307033399999,46.41985,3.6221,47.28052761911121,66.21573120565418,42.24433040934073
001914.SZ,招商积余,房产服务,SZSE,69.2,12.4211,1.0462,1.1695,1126426.5282,1126423.0005,2.2571,2026-03-06,112.64265282000001,112.64230005,26.2919,2.0062,52.75693274354458,47.8516598544512,42.22957105375319
603049.SH,中策橡胶,汽车配件,SSE,54.34,11.3513,1.9212,3.1965,4638271.6118,463827.1622,2.451,2026-03-06,463.82716118,46.38271622,33.56925,2.6611000000000002,66.18542267104567,27.80429145841946,42.16845650594411
601065.SH,江盐集团,化工原料,SSE,9.54,19.0598,1.2914,3.0455,571427.9342,370051.6542,2.4747,2026-03-06,57.142793420000004,37.00516542,36.8989,2.6035,48.34588564970771,50.39754177069329,41.881716791091065
600873.SH,梅花生物,食品,SSE,70.38,8.8139,2.062,2.8175,3323026.3553,3323026.3553,3.6112,2026-03-06,332.30263553,332.30263553,25.2255,2.456,65.05956274404868,16.04234527687297,41.67012868068136
600998.SH,九州通,医药商业,SSE,17.04,9.518,1.0017,0.5947,2652339.3431,2652339.3431,3.76,2026-03-06,265.23393431,265.23393431,25.119799999999998,1.2187000000000001,62.10957093607432,17.80585870189547,41.46558598499837
601669.SH,中国电建,建筑工程,SSE,7.34,9.611,0.714,5.2436,10266790.9631,7790629.4066,2.13,2026-03-06,1026.67909631,779.06294066,20.061799999999998,1.3445,52.093032529483885,46.894756415024176,41.29563993630081
600057.SH,厦门象屿,仓储物流,SSE,78.84000000000002,10.9686,1.4722,0.6157,2371892.0981,1747245.9869,4.1077,2026-03-06,237.18920981,174.72459869,24.67665,1.8864,55.550692658849556,21.95716709075488,41.130527190766294
600901.SH,江苏金租,多元金融,SSE,11.56,11.7615,1.533,0.3608,3718378.2487,3717470.4607,6.2309,2026-03-06,371.83782486999996,371.74704607,22.8387,1.7046,48.50188495842583,10.066877859908486,41.113517341342884
601997.SH,贵阳银行,银行,SSE,11.549999999999999,4.1154,0.3328,0.7125,2102313.8937,2102313.8937,5.0435,2026-03-06,210.23138937,210.23138937,6.088150000000001,0.5860000000000001,32.40311096145791,43.20819112627987,41.05420172246713
601117.SH,中国化学,建筑工程,SSE,11.29,9.3669,0.8777,2.7142,5697519.5291,5680166.8487,3.0654,2026-03-06,569.75195291,568.01668487,20.061799999999998,1.3445,53.309772802041685,34.7192264782447,40.93587706429008
601877.SH,正泰电器,电气设备,SSE,57.74,16.7453,1.7454,2.7675,7628839.8648,7628839.8648,1.6863,2026-03-06,762.88398648,762.88398648,38.7738,3.1055,56.81284785086837,43.79649009821285,40.92298616981121
605368.SH,蓝天燃气,供气供热,SSE,16.91,19.3483,1.8883,2.2527,607440.5278,607440.5278,10.0,2026-03-06,60.744052780000004,60.744052780000004,23.16695,2.1878,16.483179702118754,13.689551147271239,40.700137225028875
600028.SH,中国石化,石油加工,SSE,15.83,23.0782,1.0018,0.607,83196753.7847,65189703.058,3.3168,2026-03-06,8319.675378470001,6518.9703058,33.7369,2.5155000000000003,31.59359632924187,60.17491552375274,40.64031318882257
002267.SZ,陕天然气,供气供热,SZSE,24.1,13.4779,1.3823,2.4535,909677.714,909677.714,4.2787,2026-03-06,90.9677714,90.9677714,23.16695,2.1878,41.82272590910758,36.81780784349576,40.610532716691765
002441.SZ,众业达,电气设备,SZSE,57.3,28.887,1.3597,4.7659,607710.6676,445372.9776,4.4803,2026-03-06,60.771066760000004,44.53729776,38.7738,3.1055,25.498661467279447,56.216390275318,40.50528166950718
600332.SH,白云山,中成药,SSE,32.36,13.6963,1.0791,0.6402,4090490.0277,3537221.6277,3.1797,2026-03-06,409.04900277,353.72216277,22.1063,2.2639,38.04345367610138,52.334467070100274,40.45682159147063
002101.SZ,广东鸿图,汽车配件,SZSE,48.23,21.9848,1.0071,0.638,787285.8432,784721.4558,2.6414,2026-03-06,78.72858432,78.47214558,33.56925,2.6611000000000002,34.509111761507924,62.15474803652625,40.37426911556104
000528.SZ,柳工,工程机械,SZSE,170.33,15.3392,1.23,1.659,2245670.305,2242717.0037,2.3876,2026-03-06,224.56703050000002,224.27170037,26.276600000000002,2.6967,41.62410661957788,54.38869729669595,40.129051836839935
600352.SH,浙江龙盛,染料涂料,SSE,201.22,24.8475,1.509,1.9958,5153277.6662,5153277.6662,2.8409,2026-03-06,515.32776662,515.32776662,53.945449999999994,2.26485,53.93958155877836,33.3730710643089,40.110453942804014
600420.SH,国药现代,化学制药,SSE,81.85,15.3804,1.0539,1.3601,1452490.0254,1452490.0254,2.7701,2026-03-06,145.24900254,145.24900254,24.56945,2.3919499999999996,37.40030810620506,55.93971445891426,40.0523375801563
002393.SZ,力生制药,化学制药,SZSE,38.4,14.814,1.1691,1.9308,571842.7915,555661.2647,2.9162,2026-03-06,57.18427915,55.56612647000001,24.56945,2.3919499999999996,39.70561001569022,51.12356027508935,39.96791208880289
002296.SZ,辉煌科技,通信设备,SZSE,72.35,17.7492,2.2365,4.185,537231.3992,479085.8973,1.4503,2026-03-06,53.72313992,47.90858973,42.2158,3.8141,57.95602594289342,41.36231352088304,39.942004433422284
600782.SH,新钢股份,普钢,SSE,43.75,13.5993,0.4995,1.9338,1321369.1918,1305445.6418,0.2409,2026-03-06,132.13691917999998,130.54456418,27.25555,1.3493,50.1044741346258,62.98080486178018,39.65873111238437
603202.SH,天有为,汽车配件,SSE,94.87,13.7378,2.2606,1.8797,1462080.0,303948.5032,3.8192,2026-03-06,146.208,30.394850319999996,33.56925,2.6611000000000002,59.07623792607818,15.050167224080269,39.603145337655356
601677.SH,明泰铝业,铝,SSE,25.79,11.9884,1.1248,3.1145,2087876.1697,2045033.1267,1.3043,2026-03-06,208.78761697,204.50331266999999,22.8419,2.4817,47.51574956549148,54.67623000362655,39.32206882728456
000883.SZ,湖北能源,水力发电,SZSE,20.33,18.1094,0.9224,0.5872,3433503.0006,3142598.9452,1.893,2026-03-06,343.35030006,314.25989452,32.0871,2.0018,43.56174288109551,53.92147067639124,39.280138355355575
002746.SZ,仙坛股份,农业综合,SZSE,30.759999999999998,19.3792,1.2222,3.5896,556768.5564,459160.5189,3.864,2026-03-06,55.67685564,45.916051890000006,29.9079,2.2085999999999997,35.20374215508277,44.661776691116536,39.072029869368066
600496.SH,精工钢构,钢加工,SSE,36.21,13.9902,0.9527,1.0162,875654.9846,875654.9846,1.8182,2026-03-06,87.56549846,87.56549846,28.39295,1.69585,50.72650076867673,43.82168234218828,38.891705010127176
601002.SH,晋亿实业,机械基件,SSE,6.65,24.8703,1.2379,2.3206,525896.8367,525896.8367,1.8149,2026-03-06,52.58968367,52.58968367,39.75035,3.1491,37.433758444894195,60.690355974722934,38.625310170374554
601216.SH,君正集团,化工原料,SSE,92.75,15.886,1.853,2.6621,5341265.0079,5341265.0079,2.3697,2026-03-06,534.1265007899999,534.1265007899999,36.8989,2.6035,56.94722606906981,28.826579604378722,38.535964308941544
600874.SH,创业环保,环境保护,SSE,8.69,12.3515,1.017,1.6654,1027053.4276,804693.4276,2.5994,2026-03-06,102.70534276000001,80.46934276,24.110750000000003,1.6168,48.7718134027353,37.097971301335974,38.436316751494914
000157.SZ,中联重科,工程机械,SZSE,495.59999999999997,19.8032,1.5052,0.7754,8518807.2075,6964361.1026,5.0761,2026-03-06,851.8807207499999,696.43611026,26.276600000000002,2.6967,24.635607346460354,44.1836318463307,38.33763249248335
600019.SH,宝钢股份,普钢,SSE,16.47,16.384,0.7572,0.6099,15465280.1718,15465280.1718,3.0492,2026-03-06,1546.52801718,1546.52801718,27.25555,1.3493,39.88747245973756,43.882012895575485,38.26719285256767
600480.SH,凌云股份,汽车配件,SSE,35.25,18.0815,1.7239,0.7602,1343290.5853,1323374.0215,3.0099,2026-03-06,134.32905853,132.33740215,33.56925,2.6611000000000002,46.136717382723766,35.21851865769795,38.04994255039889
002588.SZ,史丹利,农药化肥,SZSE,108.95,13.2175,1.7634,3.7393,1291270.9096,962487.876,2.7208,2026-03-06,129.12709096,96.2487876,26.9048,2.584,50.873078409800485,31.75696594427244,38.038721147201926
603408.SH,建霖家居,家居用品,SSE,15.390000000000002,12.8234,1.662,0.4689,556333.239,556333.239,5.5511,2026-03-06,55.63332389999999,55.63332389999999,21.7759,1.9889,41.11196322540056,16.43622102669817,38.02895159816967
601339.SH,百隆东方,纺织,SSE,19.66,19.2342,1.1474,0.6379,1052697.438,1052697.438,5.8405,2026-03-06,105.26974380000001,105.26974380000001,24.98775,1.8328,23.025482486418337,37.3963334788302,37.95059303821639
000913.SZ,钱江摩托,摩托车,SZSE,35.58,15.3738,1.731,1.6032,815166.738,715339.314,5.814,2026-03-06,81.5166738,71.5339314,19.21405,2.96765,19.98667641647649,41.671019156571695,37.9379763135621
002026.SZ,山东威达,机械基件,SZSE,39.63,18.9213,1.6642,1.6202,625114.8214,625060.864,0.9161,2026-03-06,62.51148214,62.506086399999994,39.75035,3.1491,52.39966440547064,47.1531548696453,37.85411222308185
601369.SH,陕鼓动力,机械基件,SSE,24.67,20.7255,2.3425,1.295,2057828.5434,2037216.2826,3.6013,2026-03-06,205.78285434,203.72162826000002,39.75035,3.1491,47.86083644546526,25.613667397034078,37.63233479729633
000563.SZ,陕国投Ａ,多元金融,SZSE,70.05,12.7085,0.9611,1.2529,1820573.4474,1820573.4474,2.2472,2026-03-06,182.05734474,182.05734474,22.8387,1.7046,44.35541427489304,43.617270913997416,37.56894698415644
603112.SH,华翔股份,机械基件,SSE,19.400000000000002,17.174,2.21,2.0231,964744.6255,902284.9086,1.8633,2026-03-06,96.47446255,90.22849086,39.75035,3.1491,56.79534897177005,29.821218760915812,37.25440521698277
002120.SZ,韵达股份,仓储物流,SZSE,47.83,16.0439,0.9743,1.0218,1983053.5326,1925548.6861,2.9165,2026-03-06,198.30535326,192.55486861,24.67665,1.8864,34.98347628223441,48.35135708227312,37.248297637575696
600888.SH,新疆众和,铝,SSE,125.04,15.6777,1.1382,4.0958,1350051.2233,1350051.2233,2.8073,2026-03-06,135.00512233,135.00512233,22.8419,2.4817,31.3642910616017,54.13627755167828,37.208499690144166
600062.SH,华润双鹤,化学制药,SSE,144.14,11.964,1.6858,0.6123,1890538.6664,1880019.7616,2.5881,2026-03-06,189.05386664,188.00197616,24.56945,2.3919499999999996,51.305381276341144,29.52193816760382,37.143033960817604
603890.SH,春秋电子,元器件,SSE,42.07,21.4078,2.1059,2.1204,645190.7636,645190.7636,0.9995,2026-03-06,64.51907636,64.51907636,46.41985,3.6221,53.88222926183518,41.85969465227354,37.109300100416135
600023.SH,浙能电力,火力发电,SSE,10.07,10.0895,0.9877,0.6144,7347985.5465,7347985.5465,6.2044,2026-03-06,734.79855465,734.79855465,12.585,1.5245,19.829161700437037,35.21154476877665,37.10832811080781
600662.SH,外服控股,文教休闲,SSE,323.43,11.604,2.5441,0.6501,1283303.0448,1279376.7649,4.2705,2026-03-06,128.33030448,127.93767649,25.511899999999997,2.75305,54.51534381994285,7.5897640798387345,36.894566751928764
002841.SZ,视源股份,元器件,SZSE,66.9,27.1558,1.8756,0.9653,2464594.5858,1846084.2243,1.9133,2026-03-06,246.45945858,184.60842243,46.41985,3.6221,41.499595539408254,48.21788465254963,36.80510361152819
603833.SH,欧派家居,家居用品,SSE,95.46,13.9553,1.8416,0.3321,3350340.7685,3350340.7685,6.7256,2026-03-06,335.03407684999996,335.03407684999996,21.7759,1.9889,35.91401503496986,7.406103876514658,36.764237176942345
600008.SH,首创环保,水务,SSE,29.42,13.6865,1.1371,1.2133,2341648.426,2341648.426,6.5831,2026-03-06,234.1648426,234.1648426,20.6358,1.2842,33.675941809864405,11.454602086902355,36.65605735001647
601818.SH,光大银行,银行,SSE,5.8,4.7503,0.3898,0.3728,19143718.5438,15035808.2418,5.8642,2026-03-06,1914.37185438,1503.58082418,6.088150000000001,0.5860000000000001,21.974655683582046,33.48122866894199,36.42683087411541
605377.SH,华旺科技,造纸,SSE,27.58,19.3003,1.3409,3.5366,514919.9979,514919.9979,6.5405,2026-03-06,51.49199979,51.49199979,25.90585,1.7093500000000001,25.49829478669876,21.554977038055412,36.287311026096134
002034.SZ,旺能环境,环境保护,SZSE,44.86,12.8561,1.1245,1.5538,771193.6,767366.3187,2.7574,2026-03-06,77.11936,76.73663187,24.110750000000003,1.6168,46.67897099841358,30.449035131123203,36.078498938702396
603367.SH,辰欣药业,化学制药,SSE,19.62,15.6002,1.267,1.5937,768776.511,768776.511,2.4028,2026-03-06,76.87765110000001,76.87765110000001,24.56945,2.3919499999999996,36.50570118582224,47.030665356717314,35.91988008134409
600269.SH,赣粤高速,路桥,SSE,67.87,8.7762,0.5928,0.879,1158361.8789,1158361.8789,3.4274,2026-03-06,115.83618788999999,115.83618788999999,12.9667,1.0202,32.31739764165131,41.893746324250145,35.77728295393557
600761.SH,安徽合力,工程机械,SSE,230.45,14.976,1.8766,5.4958,2005840.0978,2005840.0978,3.1083,2026-03-06,200.58400978,200.58400978,26.276600000000002,2.6967,43.006325019218615,30.411243371528162,35.6508030191459
601058.SH,赛轮轮胎,汽车配件,SSE,72.59,13.2655,2.3239,0.5429,4895981.2857,4895981.2857,2.552,2026-03-06,489.59812857,489.59812857,33.56925,2.6611000000000002,60.483180291487,12.671451655330513,35.65070761319396
000049.SZ,德赛电池,电气设备,SZSE,179.64,23.4024,1.4664,0.8284,976981.8764,976718.5495,1.2992,2026-03-06,97.69818764,97.67185495,38.7738,3.1055,39.643780078300296,52.780550635968446,35.58927722211065
603218.SH,日月股份,电气设备,SSE,29.86,26.972,1.4555,1.6102,1487812.765,1484484.345,2.3973,2026-03-06,148.7812765,148.4484345,38.7738,3.1055,30.437563509380038,53.13154081468363,35.306387648157106
002978.SZ,安宁股份,小金属,SZSE,44.89999999999999,23.1316,2.173,1.7249,1854920.5349,1454060.5349,1.2698,2026-03-06,185.49205349000002,145.40605349,46.013149999999996,3.52495,49.728284197017594,38.353735513978926,35.206834333000714
601827.SH,三峰环境,环境保护,SSE,10.02,11.8559,1.2578,0.6017,1496380.3035,1496380.3035,2.7374,2026-03-06,149.63803034999998,149.63803034999998,24.110750000000003,1.6168,50.827328059060804,22.20435428005938,35.20443750764214
603529.SH,爱玛科技,摩托车,SSE,66.57,10.4513,2.5716,0.4009,2447464.3241,2386730.1765,4.3124,2026-03-06,244.74643240999998,238.67301765000002,19.21405,2.96765,45.60594981276722,13.345576466227483,35.18325286497513
002432.SZ,九安医疗,医疗保健,SZSE,158.68,12.0702,1.0276,6.0665,2280241.2742,2149960.9579,0.3765,2026-03-06,228.02412741999999,214.99609578999997,21.2576,2.3248,43.21936625018817,55.79834824501033,35.15675097357837
600219.SH,南山铝业,铝,SSE,54.46,16.7122,1.7618,2.724,8543873.9599,8543873.9599,5.2388,2026-03-06,854.38739599,854.38739599,22.8419,2.4817,26.835333312903042,29.008341056533826,35.15303564212137
000550.SZ,江铃汽车,汽车整车,SZSE,41.54,13.1371,1.3338,0.5113,1560690.912,937381.3933,3.9381,2026-03-06,156.0690912,93.73813933,21.1781,1.8137500000000002,37.96846742625637,26.46175051688491,34.940212125568024
000791.SZ,甘肃能源,水力发电,SZSE,23.89,10.5756,1.8898,4.2697,2757263.7807,1645278.5181,2.1176,2026-03-06,275.72637807,164.52785181,32.0871,2.0018,67.04096038594949,5.594964531921265,34.847673513956174
603613.SH,国联股份,互联网,SSE,118.31,13.1414,2.1252,0.7704,1886367.9944,1886367.9944,0.2515,2026-03-06,188.63679944,188.63679944,28.23545,3.66585,53.45779861840345,42.02708785138508,34.7457458027769
002106.SZ,莱宝高科,元器件,SZSE,45.27,28.9789,1.5475,3.0213,862507.3475,860411.3096,0.8183,2026-03-06,86.25073475,86.04113096,46.41985,3.6221,37.57218086659048,57.27616576019437,34.6666220746945
002546.SZ,新联电子,电气设备,SZSE,107.34,13.5899,2.5336,13.8682,949981.9203,912603.3573,1.0536,2026-03-06,94.99819203,91.26033573000001,38.7738,3.1055,64.95081730446847,18.41571405570762,34.66584113849968
603325.SH,博隆技术,化工机械,SSE,96.43,13.8001,2.3392,1.6733,620431.02,265090.716,1.5796,2026-03-06,62.043102000000005,26.509071600000002,31.6116,3.0638,56.34482278657201,23.65036882303023,34.37183976153788
002993.SZ,奥海科技,元器件,SZSE,67.39,25.4019,2.7768,2.69,1328304.48,1147406.6416,3.0836,2026-03-06,132.830448,114.74066416,46.41985,3.6221,45.277936055372855,23.337290522072827,34.36316157877099
601139.SH,深圳燃气,供气供热,SSE,17.52,14.4166,1.2842,2.3186,2028103.411,2028103.411,2.2695,2026-03-06,202.81034110000002,202.81034110000002,23.16695,2.1878,37.77083301858898,41.301764329463396,34.307362506274615
600458.SH,时代新材,塑料,SSE,93.47,23.1409,1.7168,0.9013,1315154.7238,1218270.0544,1.8497,2026-03-06,131.51547238,121.82700544000001,39.5165,2.8496,41.439904849872846,39.752947782144865,34.0509462745926
603111.SH,康尼机电,运输设备,SSE,19.6,16.6896,1.5302,0.7279,606869.5931,600426.5316,3.4993,2026-03-06,60.686959310000006,60.04265316,29.7898,1.9045,43.97545468583207,19.653452349698085,33.98411757924225
600720.SH,中交设计,建筑工程,SSE,118.97,10.833,1.0811,0.803,1649814.2112,725506.7853,3.185,2026-03-06,164.98142112,72.55067853,20.061799999999998,1.3445,46.001854270304754,19.590925994793608,33.833019506559985
600886.SH,国投电力,水力发电,SSE,506.58,16.8426,1.6728,0.3716,11086224.5529,10324039.0188,3.296,2026-03-06,1108.62245529,1032.40390188,32.0871,2.0018,47.50974690763577,16.435208312518725,33.82246125680992
000932.SZ,华菱钢铁,普钢,SZSE,14.56,15.8295,0.7946,0.6592,4385669.8624,4385669.8624,1.5657,2026-03-06,438.56698624,438.56698624,27.25555,1.3493,41.92192048958836,41.110205291632695,33.79892978332516
600970.SH,中材国际,建筑工程,SSE,115.41,9.684,1.3099,0.6125,2902354.2131,2898939.5841,4.0932,2026-03-06,290.23542131,289.89395841,20.061799999999998,1.3445,51.729156905163045,2.573447378207505,33.74329697552747
600639.SH,浦东金桥,园区开发,SSE,35.17,12.208,0.8005,0.511,1159452.5185,878294.5142,3.1239,2026-03-06,115.94525185,87.82945142,19.03525,1.2011500000000002,35.866353213117776,33.35553427964868,33.724901569141714
600380.SH,健康元,化学制药,SSE,89.36,14.9841,1.377,0.8565,2047158.3389,2047158.3389,1.7873,2026-03-06,204.71583389,204.71583389,24.56945,2.3919499999999996,39.01328682571242,42.43190702146783,33.696786836725316
600933.SH,爱柯迪,汽车配件,SSE,19.420000000000005,16.436,1.924,0.8762,1796551.2021,1704543.4353,1.645,2026-03-06,179.65512021,170.45434353,33.56925,2.6611000000000002,51.03852484044177,27.699071812408416,33.660131479899235
600713.SH,南京医药,医药商业,SSE,61.77,13.2443,1.0088,0.7488,702896.5995,692645.2823,3.165,2026-03-06,70.28965995,69.26452823,25.119799999999998,1.2187000000000001,47.275456014777184,17.223270698285077,33.5721636153964
002303.SZ,美盈森,造纸,SZSE,45.28,18.3473,1.3401,2.4984,592622.2661,374204.6217,5.0904,2026-03-06,59.26222661,37.42046217,25.90585,1.7093500000000001,29.1770005616492,21.601778453798225,33.42253376079915
000786.SZ,北新建材,其他建材,SZSE,398.96,15.3072,1.76,1.1869,4727109.4886,4691763.2772,3.0916,2026-03-06,472.71094886,469.17632772,27.49725,2.2144500000000003,44.33188773422797,20.522025785183683,33.164162829246294
600016.SH,民生银行,银行,SSE,100.33,5.5969,0.3023,0.629,16987578.3788,13759303.8066,5.1031,2026-03-06,1698.7578378800001,1375.93038066,6.088150000000001,0.5860000000000001,8.06895362302178,48.41296928327645,33.060772234191646
000719.SZ,中原传媒,出版业,SZSE,63.64999999999999,9.8216,1.0828,1.0574,1325048.855,863956.0682,4.6332,2026-03-06,132.5048855,86.39560682,15.3866,1.2812,36.16783434936893,15.485482360287229,33.01237844783374
600757.SH,长江传媒,出版业,SSE,88.38,9.708,1.0945,0.453,1082576.0435,1082439.4159,4.5964,2026-03-06,108.25760435,108.24394158999999,15.3866,1.2812,36.90613910805506,14.572275991258188,32.92333844059948
600216.SH,浙江医药,化学制药,SSE,81.46999999999998,14.208,1.5988,6.5888,1767490.1845,1748653.8551,1.9929,2026-03-06,176.74901845,174.86538551,24.56945,2.3919499999999996,42.17208769427073,33.159137941846595,32.79527646026227
600170.SH,上海建工,建筑工程,SSE,38.47,12.7099,0.8165,2.5268,2576922.5258,2576922.5258,2.069,2026-03-06,257.69225258,257.69225258,20.061799999999998,1.3445,36.6462630471842,39.27110449981406,32.646836568817896
000598.SZ,兴蓉环境,水务,SZSE,255.46,10.5263,1.0697,1.0847,2109694.1657,2106313.9987,2.6454,2026-03-06,210.96941656999996,210.63139987,20.6358,1.2842,48.99010457554347,16.703005762342304,32.54314355892008
600461.SH,洪城环境,水务,SSE,36.32,10.6294,1.3227,0.4597,1276450.4497,1276450.4497,4.668,2026-03-06,127.64504497,127.64504497,20.6358,1.2842,48.49048740538288,-2.997975393240937,32.50080234418087
603599.SH,广信股份,农药化肥,SSE,68.61,18.507,1.3459,2.3255,1341737.0145,1341737.0145,1.8318,2026-03-06,134.17370145,134.17370145,26.9048,2.584,31.21301775147929,47.9140866873065,32.354833106783666
002507.SZ,涪陵榨菜,食品,SZSE,101.17,19.5485,1.7345,1.0143,1501248.6554,1494737.784,4.7656,2026-03-06,150.12486554,149.4737784,25.2255,2.456,22.505004856197097,29.37703583061889,32.11191269166451
600020.SH,中原高速,路桥,SSE,16.51,9.0024,0.7713,0.6893,916927.7075,916927.7075,4.1667,2026-03-06,91.69277075000001,91.69277075000001,12.9667,1.0202,30.572929118434146,24.397177024112914,32.04842475460753
002226.SZ,江南化工,化工原料,SZSE,80.04,20.6498,1.6223,1.5779,1663523.5529,1663489.9631,1.035,2026-03-06,166.35235529,166.34899631000002,36.8989,2.6035,44.03681410556955,37.687728058382945,32.0260440597427
600035.SH,楚天高速,路桥,SSE,11.28,9.565,0.7233,0.7785,644046.3604,644046.3604,4.25,2026-03-06,64.40463604,64.40463604,12.9667,1.0202,26.234122791458127,29.102136835914514,31.974290167357605
000543.SZ,皖能电力,火力发电,SZSE,32.05,8.31,1.1546,2.0584,1983505.4146,1983505.4146,3.6457,2026-03-06,198.35054146,198.35054146,12.585,1.5245,33.969010727056016,24.263693014102984,31.803812195053304
603589.SH,口子窖,白酒,SSE,38.28,14.7128,1.5265,0.5977,1598773.3487,1598773.3487,4.8672,2026-03-06,159.87733487,159.87733487,15.9432,2.8645,7.7173967584926455,46.70972246465352,31.701475442793114
603227.SH,雪峰科技,化工原料,SSE,19.98,21.1689,1.9156,1.9087,974168.6543,974168.6543,2.2002,2026-03-06,97.41686543,97.41686543,36.8989,2.6035,42.62999710018456,26.42212406376032,31.57923605920192
002100.SZ,天康生物,饲料,SZSE,92.72,22.0291,1.3861,3.4174,993903.1029,993903.1029,3.022,2026-03-06,99.39031029,99.39031029,31.7267,2.1063,30.566053198094977,34.192660114893414,31.550219313706013
600982.SH,宁波能源,供气供热,SSE,16.38,17.2016,1.2869,2.4598,566637.1349,566637.1349,2.9586,2026-03-06,56.66371348999999,56.66371348999999,23.16695,2.1878,25.74939730952931,41.178352683060616,31.529064728729907
601857.SH,中国石油,石油开采,SSE,17.08,14.2085,1.4445,0.3152,225115802.7161,199164155.7161,3.8211,2026-03-06,22511.58027161,19916.41557161,22.0601,1.7903,35.591860417677154,19.315198570072056,31.49460373809248
600282.SH,南钢股份,普钢,SSE,29.31,13.3243,1.3262,0.4924,3575752.7864,3575752.7864,3.5103,2026-03-06,357.57527864,357.57527864,27.25555,1.3493,51.11344295015143,1.7119988141999443,31.48987682432056
601330.SH,绿色动力,环境保护,SSE,8.74,15.2977,1.3259,1.4136,1082952.4377,748744.6652,3.8196,2026-03-06,108.29524376999998,74.87446652,24.110750000000003,1.6168,36.55236771979305,17.99233052944087,31.47744624674948
601169.SH,北京银行,银行,SSE,22.369999999999997,4.353,0.4116,0.4364,11438354.4912,11438354.4912,3.6969,2026-03-06,1143.83544912,1143.83544912,6.088150000000001,0.5860000000000001,28.500447590811675,29.761092150170654,31.41920668137587
002124.SZ,天邦食品,农业综合,SZSE,44.94,14.6881,1.406,3.0761,553261.5242,491116.3074,0.0,2026-03-06,55.32615242,49.11163074,29.9079,2.2085999999999997,50.88889557608525,36.33976274563071,31.25748705412331
000100.SZ,TCL科技,元器件,SZSE,12.98,32.6279,1.6523,3.3147,10067617.4243,9259881.5381,0.9816,2026-03-06,1006.76174243,925.9881538100001,46.41985,3.6221,29.71131961865452,54.38281659810607,31.14417282689363
000823.SZ,超声电子,元器件,SZSE,35.69,33.0986,1.7326,3.2148,816242.2846,816207.7137,1.3158,2026-03-06,81.62422846,81.62077137,46.41985,3.6221,28.697313756938037,52.16587062753651,31.076086691036167
000501.SZ,武商集团,百货,SZSE,49.15,31.9932,0.6461,0.9119,702859.3561,702160.9093,3.2008,2026-03-06,70.28593561,70.21609093000001,37.911,1.3084,15.609717496241194,50.619076734943434,31.032010018979513
601113.SH,华鼎股份,化纤,SSE,10.05,14.6734,1.3006,1.679,516743.2418,516743.2418,0.0,2026-03-06,51.67432418,51.67432418,32.4898,1.8615,54.83690265868057,30.131614289551433,30.97424535033766
600674.SH,川投能源,水力发电,SSE,352.66,17.3499,1.6836,0.8139,7472772.2673,7472772.2673,2.6093,2026-03-06,747.27722673,747.27722673,32.0871,2.0018,45.92873771702646,15.895693875512029,30.968103249464193
002469.SZ,三维化学,化工原料,SZSE,86.73,22.7691,2.345,5.5772,615121.7732,596192.3756,4.2194,2026-03-06,61.512177320000006,59.61923756,36.8989,2.6035,38.29328245557455,9.92894180910312,30.954195524960756
600585.SH,海螺水泥,水泥,SSE,123.71999999999998,15.2558,0.7053,0.6833,13428432.7352,10135246.3352,3.749,2026-03-06,1342.8432735200001,1013.5246335200001,19.2843,1.1342,20.890050455551933,37.815200141068594,30.94758022454135
000887.SZ,中鼎股份,汽车配件,SZSE,533.98,17.5509,1.8741,0.9611,2644827.9017,2640570.5515,0.9955,2026-03-06,264.48279017,264.05705515,33.56925,2.6611000000000002,47.71733059272996,29.5742362181053,30.945703102523574
000507.SZ,珠海港,新型电力,SZSE,36.57,17.0718,0.941,3.3912,515051.5412,505318.4948,1.1429,2026-03-06,51.50515412,50.53184948,27.9625,1.5627,38.947518998658914,39.78370768541627,30.942819905088445
603100.SH,川仪股份,电器仪表,SSE,35.0,19.2474,2.6957,0.7174,1213654.5612,1209790.1276,2.4314,2026-03-06,121.36545612,120.97901276,35.8605,3.2467,46.32701719161753,16.97107832568454,30.916330374352373
002833.SZ,弘亚数控,专用机械,SZSE,69.71,19.3861,2.834,1.4209,778041.7906,529205.7325,3.8168,2026-03-06,77.80417906,52.920573250000004,37.0845,2.8635,47.72452102630479,1.0302077876724325,30.84927074682365
000690.SZ,宝新能源,火力发电,SZSE,248.76,11.1556,0.8303,5.6324,1042250.2859,1041571.7886,4.1754,2026-03-06,104.22502859000001,104.15717886,12.585,1.5245,11.3579658323401,45.53624139061987,30.730258750122
601033.SH,永兴股份,环境保护,SSE,17.02,15.5906,1.3365,3.6742,1431000.0,381600.0,3.7736,2026-03-06,143.1,38.16,24.110750000000003,1.6168,35.33755689889365,17.336714497773375,30.656837108889476
600681.SH,百川能源,供气供热,SSE,48.81,18.0815,1.7294,4.2403,607407.2289,606933.3737,5.1876,2026-03-06,60.74072289,60.69333737,23.16695,2.1878,21.95131426450181,20.952555078160717,30.62909222924894
601156.SH,东航物流,仓储物流,SSE,20.77,11.5363,1.5877,1.2294,3024293.3342,1799454.5342,1.5118,2026-03-06,302.42933342,179.94545342,24.67665,1.8864,53.250137275521595,15.834393553859217,30.585772976366403
600572.SH,康恩贝,中成药,SSE,54.09,16.0744,1.5649,1.8514,1105906.2135,1102966.7656,3.4197,2026-03-06,110.59062135,110.29667656000001,22.1063,2.2639,27.285886828641605,30.875922081364017,30.436231355865846
601577.SH,长沙银行,银行,SSE,12.19,4.6949,0.5511,0.3289,3848626.9426,3847794.2291,6.4786,2026-03-06,384.86269426,384.77942291,6.088150000000001,0.5860000000000001,22.884620122697385,5.955631399317407,30.376337468874176
600739.SH,辽宁成大,生物制药,SSE,365.96,21.4886,0.6302,0.7719,1854008.297,1854008.297,0.1642,2026-03-06,185.4008297,185.4008297,26.605449999999998,2.4093,19.23233773531362,73.84302494500477,30.33844257762688
600587.SH,新华医疗,医疗保健,SSE,95.59,18.1546,1.1917,1.6195,923919.6481,923919.6481,3.2832,2026-03-06,92.39196481,92.39196481,21.2576,2.3248,14.597132319735062,48.73967653131452,30.31035588728838
601811.SH,新华文轩,出版业,SSE,17.36,10.2316,1.1308,0.3458,1668153.032,1070654.0728,4.4379,2026-03-06,166.8153032,107.06540728,15.3866,1.2812,33.50317809002639,11.73899469247579,30.236669643753295
002244.SZ,滨江集团,区域地产,SZSE,63.39999999999999,10.0017,1.113,0.7434,3307464.8551,2855111.025,0.7714,2026-03-06,330.74648550999996,285.5111025,32.9247,1.1082999999999998,69.62250225514583,-0.4240729044482583,30.03597903072386
002454.SZ,松芝股份,汽车配件,SZSE,26.440000000000005,27.1271,1.4183,1.5116,563209.1136,561773.3883,2.7797,2026-03-06,56.320911360000004,56.17733883,33.56925,2.6611000000000002,19.19062832800852,46.70249145090377,30.02609876647454
002367.SZ,康力电梯,运输设备,SZSE,68.15,16.6002,1.8188,1.6711,658140.0012,655531.1656,3.6364,2026-03-06,65.81400012,65.55311655999999,29.7898,1.9045,44.27555740555492,4.499868731950651,29.969383581807165
002752.SZ,昇兴股份,广告包装,SZSE,13.4,21.0776,1.8055,0.8905,624250.9011,624155.0511,1.5649,2026-03-06,62.42509011,62.415505110000005,43.1325,2.1463,51.13290442241929,15.878488561710846,29.91140833748097
600667.SH,太极实业,半导体,SSE,40.68,36.3338,2.4596,6.8912,2129189.9372,2129189.9372,0.9397,2026-03-06,212.91899372,212.91899372,54.732,4.5064,33.61506979463569,45.41984732824428,29.89108211632756
600711.SH,盛屯矿业,小金属,SSE,144.97,22.8281,2.7373,2.7749,4580286.3186,4580286.3186,1.0057,2026-03-06,458.02863185999996,458.02863185999996,46.013149999999996,3.52495,50.38787824784872,22.344997801387258,29.875750639555665
002662.SZ,峰璟股份,汽车配件,SZSE,20.58,25.414,1.3592,1.5451,598500.0,598492.4589,1.8045,2026-03-06,59.85,59.84924589,33.56925,2.6611000000000002,24.293810555791374,48.92337755063696,29.808037487507633
603612.SH,索通发展,矿物制品,SSE,48.53,22.5899,2.8568,2.7972,1602900.1491,1602900.1491,0.649,2026-03-06,160.29001491,160.29001491,48.4429,3.6466499999999997,53.36798581422665,21.659605391249503,29.792075943065512
601006.SH,大秦铁路,铁路,SSE,12.73,15.7001,0.6345,0.6865,10456385.2346,10456385.2346,4.2389,2026-03-06,1045.63852346,1045.63852346,17.91605,1.0606499999999999,12.368518730412104,40.17819261773441,29.717565277485164
000850.SZ,华茂股份,纺织,SZSE,45.15,16.898,1.1376,1.2438,518072.0899,517924.8866,1.7634,2026-03-06,51.80720899,51.792488660000004,24.98775,1.8328,32.374863683204765,37.93103448275862,29.619455818109493
000987.SZ,越秀资本,多元金融,SZSE,48.67,12.9298,1.4858,0.7427,4635830.3949,4633328.8608,2.8036,2026-03-06,463.58303949,463.33288608,22.8387,1.7046,43.38644493775915,12.83585591927724,29.616134750886832
600027.SH,华电国际,火力发电,SSE,7.87,8.6963,1.2749,1.4099,6072957.8982,4819799.242,4.0293,2026-03-06,607.29578982,481.97992419999997,12.585,1.5245,30.899483512117598,16.372581174155464,29.359467757093675
603897.SH,长城科技,电气设备,SSE,41.62,27.0808,2.9522,5.653,709932.307,709932.307,5.2341,2026-03-06,70.9932307,70.9932307,38.7738,3.1055,30.156961659677417,4.936403155691527,29.246005610578422
600511.SH,国药股份,医药商业,SSE,171.76,11.255,1.2545,1.3337,2263508.994,1660039.272,2.6667,2026-03-06,226.3508994,166.00392720000002,25.119799999999998,1.2187000000000001,55.194706964227414,-2.937556412570763,29.19671586191974
002060.SZ,广东建工,建筑工程,SZSE,16.99,13.739,1.0785,2.3333,1486739.7238,618874.6054,3.5354,2026-03-06,148.67397238,61.88746054,20.061799999999998,1.3445,31.516613663778912,19.784306433618447,29.148137395597097
000537.SZ,绿发电力,新型电力,SZSE,58.8,21.3664,0.9639,1.9925,1919873.585,1919873.585,2.6372,2026-03-06,191.9873585,191.9873585,27.9625,1.5627,23.589092534644617,38.318295258206945,28.842725591319933
600459.SH,贵研铂业,小金属,SSE,182.14,27.6961,2.3732,2.8913,1758193.6896,1757960.281,1.0384,2026-03-06,175.81936896,175.7960281,46.013149999999996,3.52495,39.808293933364695,32.674222329394745,28.840784272164303
603328.SH,依顿电子,元器件,SSE,33.67,26.1648,2.8355,1.9937,1224090.6411,1224090.6411,1.615,2026-03-06,122.40906410999999,122.40906410999999,46.41985,3.6221,43.634458103591456,21.716683691781014,28.813788348970885
603217.SH,元利科技,化工原料,SSE,60.76,25.5544,1.541,1.3918,517721.9488,517721.9488,1.3873,2026-03-06,51.77219488,51.77219488,36.8989,2.6035,30.744818951242436,40.81044747455349,28.70296182286302
000596.SZ,古井贡酒,白酒,SZSE,278.65,12.7352,2.4165,0.6068,6024982.8,4657222.8,5.2641,2026-03-06,602.49828,465.72227999999996,15.9432,2.8645,20.121431080335185,15.63972770116948,28.53279074248492
002394.SZ,联发股份,纺织,SZSE,64.48,15.1995,1.1762,3.6096,508532.7,507881.687,0.6365,2026-03-06,50.85327,50.7881687,24.98775,1.8328,39.17219437524386,35.824967263203845,28.3258679290587
002823.SZ,凯中精密,机械基件,SZSE,35.13,22.8916,2.6273,2.2479,533927.9111,355961.1509,2.0602,2026-03-06,53.392791110000005,35.59611509,39.75035,3.1491,42.411576250272006,16.5698135975358,28.11617457936954
600098.SH,广州发展,火力发电,SSE,34.64,11.6414,0.9878,0.8197,2681986.7105,2681986.7105,4.837,2026-03-06,268.19867105000003,268.19867105000003,12.585,1.5245,7.497814858959073,35.20498524106264,28.071621515902418
002074.SZ,国轩高科,电气设备,SZSE,162.89000000000001,19.7893,2.3143,1.2819,6585233.1085,6302378.3176,0.272,2026-03-06,658.52331085,630.23783176,38.7738,3.1055,48.96218580587923,25.477378843986486,28.04408797554764
000733.SZ,振华科技,元器件,SZSE,105.91,31.2413,1.9384,2.7864,2964252.2864,2963852.7161,0.3365,2026-03-06,296.42522864,296.38527160999996,46.41985,3.6221,32.69840380785375,46.48408381877916,28.03408666877525
000928.SZ,中钢国际,建筑工程,SZSE,17.45,13.7031,1.2175,1.8238,1028640.1933,1028627.6099,4.1702,2026-03-06,102.86401933,102.86276099,20.061799999999998,1.3445,31.695560717383287,9.445890665674971,28.02259148665581
002608.SZ,江苏国信,火力发电,SZSE,22.84,8.8238,0.8958,0.552,3128249.9949,3128249.9949,1.2077,2026-03-06,312.82499949,312.82499949,12.585,1.5245,29.886372665872074,41.23975073794687,27.949574287732894
600623.SH,华谊集团,化工原料,SSE,191.15,32.5117,1.0308,3.144,2284166.4573,2014101.9662,1.6805,2026-03-06,228.41664573,201.41019662,36.8989,2.6035,11.889785332354085,60.407144228922604,27.919557401618412
002139.SZ,拓邦股份,元器件,SZSE,198.83,29.272,2.2344,0.9918,1579739.9298,1356969.599,0.5445,2026-03-06,157.97399298,135.6969599,46.41985,3.6221,36.940769950786134,38.312028933491625,27.903416660361945
603303.SH,得邦照明,家用电器,SSE,38.05,25.5793,2.3507,0.6007,732109.9226,732109.9226,8.8216,2026-03-06,73.21099226000001,73.21099226000001,26.45625,2.3583499999999997,3.314717694306646,0.32437933300824007,27.88800087762513
002204.SZ,大连重工,专用机械,SZSE,62.38,23.7011,1.7805,1.583,1394449.1631,1394449.1631,0.6856,2026-03-06,139.44491631,139.44491631,37.0845,2.8635,36.088932033598944,37.82084861183866,27.838627396991175
601636.SH,旗滨集团,玻璃,SSE,24.91,34.2502,1.3548,1.779,2050347.0335,2050347.0335,0.5834,2026-03-06,205.03470335,205.03470335,42.817,3.4102,20.007940771189013,60.2721248020644,27.835013749094923
002078.SZ,太阳纸业,造纸,SZSE,137.19,14.4536,1.5434,0.7464,4708791.6755,4679910.8918,2.3739,2026-03-06,470.87916755,467.99108918,25.90585,1.7093500000000001,44.207196444046424,9.708368678152512,27.717089181064324
601618.SH,中国中冶,建筑工程,SSE,4.01,16.8547,0.6272,1.1353,6548663.6577,5641427.6577,1.7722,2026-03-06,654.86636577,564.14276577,20.061799999999998,1.3445,15.986102941909486,53.350687988099665,27.716247573193694
601918.SH,新集能源,煤炭开采,SSE,12.94,10.0265,1.2696,2.1197,2069842.8982,2069842.8982,2.6283,2026-03-06,206.98428982,206.98428982,19.6431,1.279,48.95663108165208,0.7349491790461182,27.688037186374668
605183.SH,确成股份,化工原料,SSE,23.71,16.2349,2.5036,0.6078,907457.0224,899921.049,1.3683,2026-03-06,90.74570224,89.9921049,36.8989,2.6035,56.00166942645986,3.837142308430952,27.656710463113235
600362.SH,江西铜业,铜,SSE,60.620000000000005,23.1919,2.311,1.907,18556766.8814,11121250.8434,2.0423,2026-03-06,1855.6766881400001,1112.12508434,36.5501,2.9971,36.54764282450663,22.892129058089495,27.6135958472295
000902.SZ,新洋丰,农药化肥,SZSE,51.660000000000004,15.3444,2.0996,2.4465,2417871.7917,2202142.5654,1.5568,2026-03-06,241.78717917,220.21425654,26.9048,2.584,42.967797567720254,18.74613003095975,27.48135803637603
600583.SH,海油工程,石油开采,SSE,126.05999999999999,16.5113,1.2369,3.8762,3338122.874,3338122.874,2.6623,2026-03-06,333.8122874,333.8122874,22.0601,1.7903,25.153104473687794,30.911020499357644,27.321447939282415
603799.SH,华友钴业,小金属,SSE,169.05,24.4842,2.7497,2.4434,13100696.8218,13013333.0797,0.6407,2026-03-06,1310.06968218,1301.33330797,46.013149999999996,3.52495,46.78868975499395,21.99321976198244,27.235541830592314
002533.SZ,金杯电工,电气设备,SZSE,73.73,19.8036,2.7852,7.2774,1199993.6364,1042550.283,1.5156,2026-03-06,119.99936364,104.2550283,38.7738,3.1055,48.925305231883385,10.31395910481404,27.211109824197568
600531.SH,豫光金铅,铅锌,SSE,119.79,22.8386,3.0724,3.7261,1995283.4517,1995283.4517,1.2294,2026-03-06,199.52834517000002,199.52834517000002,34.02905,4.69055,32.884990912176505,34.49808657833303,27.191622338370514
000063.SZ,中兴通讯,通信设备,SZSE,532.24,30.6323,2.3825,1.9383,17890420.4774,15063303.4077,1.6497,2026-03-06,1789.04204774,1506.33034077,42.2158,3.8141,27.438778845834978,37.53441178783986,27.184935074685946
600999.SH,招商证券,证券,SSE,32.24,11.3976,1.159,0.3471,14018801.2113,11964272.4985,3.0769,2026-03-06,1401.8801211300001,1196.4272498500002,19.207250000000002,1.22475,40.659907066342136,5.368442539293728,27.105195588324975
000513.SZ,丽珠集团,化学制药,SZSE,346.86,14.4181,2.3117,1.1542,3089029.0479,1976558.3433,3.188,2026-03-06,308.90290479000004,197.65583433,24.56945,2.3919499999999996,41.31696069712591,3.35500324003426,27.097285250860644
600428.SH,中远海特,水运,SSE,41.93,13.7085,1.3749,3.9016,2271966.0871,2024696.4627,3.3696,2026-03-06,227.19660871000002,202.46964627,18.44895,1.7695,25.694958249656487,22.30008476970896,27.076808730775284
002249.SZ,大洋电机,电气设备,SZSE,124.34000000000002,23.5834,2.6194,1.6021,2503487.691,1881017.1767,2.2337,2026-03-06,250.3487691,188.10171767,38.7738,3.1055,39.17697001583543,15.652873933344068,27.067750186337392
002489.SZ,浙江永强,家居用品,SZSE,42.62,11.788,1.6422,1.2086,770000.7911,679125.2694,1.1268,2026-03-06,77.00007911,67.91252693999999,21.7759,1.9889,45.866760960511385,17.431746191362052,26.95662824161317
000728.SZ,国元证券,证券,SZSE,27.3,12.9327,0.9349,0.5704,3477930.9791,3477930.9791,2.2585,2026-03-06,347.79309791000003,347.79309791000003,19.207250000000002,1.22475,32.66761249007537,23.66605429679527,26.94236128506873
603889.SH,新澳股份,纺织,SSE,59.12,14.869,1.801,0.6904,647724.1599,642827.5651,3.3833,2026-03-06,64.77241599,64.28275651,24.98775,1.8328,40.494842472811676,1.7350501964207843,26.868352048050905
000650.SZ,仁和药业,中成药,SZSE,198.15,18.577,1.3026,1.6475,827363.4963,786849.0279,2.5381,2026-03-06,82.73634963,78.68490279,22.1063,2.2639,15.965132111660473,42.462122885286455,26.738989710250127
002605.SZ,姚记科技,互联网,SZSE,108.63,19.5315,2.6798,1.6034,986492.4816,796579.6437,2.1102,2026-03-06,98.64924816,79.65796437,28.23545,3.66585,30.826319396361658,26.89826370418865,26.730606869801257
603369.SH,今世缘,白酒,SSE,87.45,12.8011,2.2295,0.4251,3680553.7092,3680553.7092,4.065,2026-03-06,368.05537092,368.05537092,15.9432,2.8645,19.70808871493802,22.167917612148724,26.728610769619827
601688.SH,华泰证券,证券,SSE,25.77,11.8153,1.0768,0.8166,18387721.5321,14883866.2619,2.5529,2026-03-06,1838.77215321,1488.38662619,19.207250000000002,1.22475,38.48520740866079,12.080016329863241,26.67678786242329
603989.SH,艾华集团,元器件,SSE,44.96,33.9668,1.994,1.1939,751301.2562,751301.2562,0.7962,2026-03-06,75.13012562,75.13012562,46.41985,3.6221,26.826993193644523,44.949062698434616,26.604116086988196
000060.SZ,中金岭南,铅锌,SZSE,303.06,29.8517,1.7675,2.6879,3353085.2058,3353042.737,0.9698,2026-03-06,335.30852058,335.3042737,34.02905,4.69055,12.27583491164166,62.317851851062244,26.51508951997534
600817.SH,宇通重工,专用机械,SSE,40.93,22.7423,2.7126,0.6623,644764.9543,639856.4143,3.1397,2026-03-06,64.47649543,63.985641429999994,37.0845,2.8635,38.67437878358883,5.269774751178624,26.46978393878912
600612.SH,老凤祥,服饰,SSE,4778.05,13.6243,1.7072,0.514,2195525.2555,1330909.1171,4.8844,2026-03-06,219.55252554999998,133.09091171,19.0293,1.7297,28.403567130687936,1.3008036075620066,26.404867934543777
600551.SH,时代出版,出版业,SSE,36.94,13.5655,0.9727,0.5856,563463.9036,563463.9036,4.8135,2026-03-06,56.346390359999994,56.346390359999994,15.3866,1.2812,11.835623204606605,24.078988448329685,26.39844581634155
605507.SH,国邦医药,化学制药,SSE,28.86,17.0665,1.8011,0.397,1489823.451,1489823.451,2.2487,2026-03-06,148.98234509999997,148.98234509999997,24.56945,2.3919499999999996,30.537720624596798,24.701603294383233,26.371669238153686
000625.SZ,长安汽车,汽车整车,SZSE,107.48,15.8537,1.406,0.4842,10775348.5097,8986351.7397,3.1743,2026-03-06,1077.53485097,898.6351739700001,21.1781,1.8137500000000002,25.141065534679697,22.48104755341145,26.323640479895314
600061.SH,国投资本,证券,SSE,48.49,13.4271,0.8562,0.4704,4654820.1605,4654820.1605,1.7445,2026-03-06,465.48201605,465.48201605,19.207250000000002,1.22475,30.093584453786992,30.09185548071035,26.298490425727902
603323.SH,苏农银行,银行,SSE,9.73,4.8907,0.5266,1.1793,999178.0113,999178.0113,5.124,2026-03-06,99.91780113,99.91780113,6.088150000000001,0.5860000000000001,19.668536419109262,10.136518771331083,26.280370199043027
000597.SZ,东北制药,化学制药,SZSE,19.58,19.811,1.3835,0.9659,742085.8978,732844.3132,1.9231,2026-03-06,74.20858978,73.28443132,24.56945,2.3919499999999996,19.36734440534892,42.16016221074854,26.164286425364132
603556.SH,海兴电力,电器仪表,SSE,60.03,21.3831,2.7337,2.2362,2016051.2488,2016051.2488,1.6754,2026-03-06,201.60512488,201.60512488,35.8605,3.2467,40.37143932739365,15.800659130809757,25.914973470200387
600642.SH,申能股份,火力发电,SSE,55.31,11.121,1.2046,0.5696,4424247.7559,4424007.093,4.9779,2026-03-06,442.42477559,442.4007093,12.585,1.5245,11.63289630512515,20.98392915710069,25.882037269180266
600529.SH,山东药玻,医疗保健,SSE,124.50000000000001,17.2016,1.6148,0.9794,1315946.7861,1315946.7861,3.0257,2026-03-06,131.59467861,131.59467861,21.2576,2.3248,19.080234833659492,30.54026152787337,25.871272391825805
002807.SZ,江阴银行,银行,SZSE,7.21,5.1193,0.5925,1.3645,1119933.719,1118397.4652,6.5934,2026-03-06,111.9933719,111.83974651999999,6.088150000000001,0.5860000000000001,15.913701206442033,-1.1092150170648463,25.812915977457358
000411.SZ,英特集团,医药商业,SZSE,30.639999999999997,13.4079,1.2988,1.2349,661045.3504,430316.303,3.0255,2026-03-06,66.10453504,43.0316303,25.119799999999998,1.2187000000000001,46.62417694408395,-6.572577336506091,25.754397576681754
002241.SZ,歌尔股份,元器件,SZSE,583.74,30.9282,2.5557,1.442,8991755.5476,7959152.5149,1.1524,2026-03-06,899.17555476,795.91525149,46.41985,3.6221,33.372899740089636,29.441484221860247,25.63880516259393
605050.SH,福然德,仓储物流,SSE,15.01,17.3687,1.5224,0.775,648070.373,648070.373,2.6473,2026-03-06,64.8070373,64.8070373,24.67665,1.8864,29.61483831881555,19.296013570822733,25.57663939877304
601609.SH,金田股份,铜,SSE,11.79,25.275,1.939,1.8344,1927431.5852,1927431.5852,0.8293,2026-03-06,192.74315852,192.74315852,36.5501,2.9971,30.848342412195873,35.30412732307898,25.418475161802043
002096.SZ,易普力,化工原料,SZSE,71.24,21.3962,2.275,0.6172,1782513.3865,1782510.3559,1.6006,2026-03-06,178.25133865,178.25103559000001,36.8989,2.6035,42.01398957692505,12.617630113309009,25.39268486476272
600618.SH,氯碱化工,化工原料,SSE,295.23,23.2135,2.0318,6.0139,1842145.1618,1194495.0818,1.3183,2026-03-06,184.21451617999998,119.44950818000001,36.8989,2.6035,37.08891050952738,21.958901478778557,25.37813464744452
603299.SH,苏盐井神,食品,SSE,14.05,22.4228,1.4766,2.7783,1173779.3168,955986.0318,2.9501,2026-03-06,117.37793167999999,95.59860318,25.2255,2.456,11.11058254544014,39.87785016286646,25.257888067035992
002768.SZ,国恩股份,塑料,SZSE,166.44,19.4137,2.5288,1.5984,1617712.5,949137.4313,0.5094,2026-03-06,161.77125,94.91374313,39.5165,2.8496,50.87191426366202,11.257720381807978,25.2542818200072
000951.SZ,中国重汽,汽车整车,SZSE,72.89,15.2161,1.6,1.7972,2428454.9671,2428454.9671,3.4659,2026-03-06,242.84549671,242.84549671,21.1781,1.8137500000000002,28.15172277022018,11.784975878704351,25.193881871699375
603296.SH,华勤技术,元器件,SSE,123.04,22.0239,3.5202,1.3928,8754597.0729,4922987.1467,1.0413,2026-03-06,875.4597072899999,492.29871467000004,46.41985,3.6221,52.554995330661335,2.8132851108472967,24.98988366551872
603105.SH,芯能科技,电气设备,SSE,11.03,26.6886,2.4248,2.8855,517009.4115,517009.4115,1.9342,2026-03-06,51.70094115,51.70094115,38.7738,3.1055,31.168469430388555,21.919175656094037,24.84574046898363
601211.SH,国泰海通,证券,SSE,23.290000000000003,12.7244,1.0446,0.4217,32542997.0803,24915296.2163,2.3104,2026-03-06,3254.29970803,2491.52962163,19.207250000000002,1.22475,33.75209881685303,14.7091243110839,24.844776820066382
000685.SZ,中山公用,水务,SZSE,132.31,12.6232,0.9748,1.1962,1752432.285,1489707.0473,0.6868,2026-03-06,175.2432285,148.97070473,20.6358,1.2842,38.82863761036644,24.092820432954365,24.819701174032886
603338.SH,浙江鼎力,工程机械,SSE,396.31,15.5101,2.4603,0.8473,2734278.5466,2734278.5466,1.8519,2026-03-06,273.42785466,273.42785466,26.276600000000002,2.6967,40.97371806093635,8.7662698854155,24.575068189999193
601098.SH,中南传媒,出版业,SSE,17.29,12.202,1.2409,0.5687,1932496.0,1932496.0,5.1115,2026-03-06,193.2496,193.2496,15.3866,1.2812,20.697230057322603,3.145488604433344,24.557038604259045
002033.SZ,丽江股份,旅游景点,SZSE,38.540000000000006,24.4571,2.0291,2.2346,514872.7962,514862.9296,3.7353,2026-03-06,51.487279619999995,51.48629296,32.2408,2.3079,24.142391007667307,12.080246111183325,24.48693023642192
603128.SH,华贸物流,仓储物流,SSE,20.29,20.9078,1.2872,1.1849,780191.7104,780191.7104,2.9195,2026-03-06,78.01917104,78.01917104,24.67665,1.8864,15.272940208658781,31.76420695504666,24.39693816997751
603639.SH,海利尔,农药化肥,SSE,50.09,26.3024,1.4403,1.2547,508738.1834,494522.9789,3.3406,2026-03-06,50.87381834,49.45229789,26.9048,2.584,2.2390056792840007,44.260835913312704,24.19565304570741
000776.SZ,广发证券,证券,SZSE,121.85,11.3745,1.2107,0.4574,15704464.9406,11849426.9672,2.4913,2026-03-06,1570.44649406,1184.94269672,19.207250000000002,1.22475,40.78017415298911,1.1471728924270175,24.130121528923752
603966.SH,法兰泰克,专用机械,SSE,30.29,23.4594,2.4975,4.1542,503920.1263,502720.7799,1.8198,2026-03-06,50.39201263,50.27207799,37.0845,2.8635,36.74068680985317,12.78156102671556,23.990143031955938
001301.SZ,尚太科技,电气设备,SZSE,78.45,20.3582,2.9254,1.1721,1978185.8248,1411210.8748,1.0504,2026-03-06,197.81858248,141.12108748,38.7738,3.1055,47.49495793551316,5.799388182257292,23.888999628882456
603055.SH,台华新材,纺织,SSE,15.17,16.4708,1.6829,0.9566,866255.2719,863100.0275,2.5687,2026-03-06,86.62552719,86.31000275,24.98775,1.8328,34.08450140568878,8.178742907027491,23.79352343438376
603866.SH,桃李面包,食品,SSE,26.26,21.6007,1.5928,0.9272,831853.9606,831853.9606,2.5,2026-03-06,83.18539606,83.18539606,25.2255,2.456,14.36958633129175,35.14657980456026,23.791808473884778
000830.SZ,鲁西化工,化工原料,SZSE,118.05,26.0546,2.0199,2.633,3848628.7212,3848325.4055,1.7371,2026-03-06,384.86287212,384.83254055,36.8989,2.6035,29.389222984967024,22.415978490493572,23.691782741134883
000936.SZ,华西股份,化纤,SZSE,32.84,21.9401,1.3024,1.458,697292.1421,697193.3342,0.5083,2026-03-06,69.72921421000001,69.71933342,32.4898,1.8615,32.47080622226053,30.03491807681976,23.52369791195014
000997.SZ,新大陆,IT设备,SZSE,181.6,21.1482,3.2639,0.9376,2345321.6732,2332222.167,0.9433,2026-03-06,234.53216732,233.2222167,40.9283,3.4168,48.32866256355627,4.474947319129008,23.50384922116121
600109.SH,国金证券,证券,SSE,78.21,13.2241,0.9395,0.5732,3275542.5804,3275542.5804,1.3494,2026-03-06,327.55425804,327.55425804,19.207250000000002,1.22475,31.15047703341187,23.29046744233517,23.495531046065302
603899.SH,晨光股份,文教休闲,SSE,62.559999999999995,18.238,2.7024,0.5047,2412021.4174,2412021.4174,3.7968,2026-03-06,241.20214174,241.20214174,25.511899999999997,2.75305,28.5117925360322,1.8397777010951466,23.347050324741424
000783.SZ,长江证券,证券,SZSE,53.18,11.2253,1.1902,0.7102,4236035.8782,4236035.8782,1.9582,2026-03-06,423.60358782000003,423.60358782000003,19.207250000000002,1.22475,41.55696416717646,2.8209838742600635,23.343680829148603
600120.SH,浙江东方,多元金融,SSE,342.71,16.4819,1.3356,1.3505,2172182.6289,2172182.6289,1.8336,2026-03-06,217.21826288999998,217.21826288999998,22.8387,1.7046,27.833458121521804,21.64730728616684,23.128375434458775
603281.SH,江瀚新材,化工原料,SSE,48.2,25.2344,2.509,0.7018,1178986.6688,1178986.6688,3.1294,2026-03-06,117.89866688000001,117.89866688000001,36.8989,2.6035,31.612053475848867,3.6297292106779344,23.12194015354293
002011.SZ,盾安环境,家用电器,SZSE,57.400000000000006,12.2725,2.2285,1.3038,1429320.5949,1409213.877,0.0,2026-03-06,142.93205949,140.9213877,26.45625,2.3583499999999997,53.612095440585875,5.505968155702067,23.096628622944973
601177.SH,杭齿前进,机械基件,SSE,16.58,25.4116,2.3576,0.7957,658063.675,645296.78,0.372,2026-03-06,65.80636750000001,64.529678,39.75035,3.1491,36.07200942884779,25.134165317074707,23.08505336666153
000591.SZ,太阳能,新型电力,SZSE,97.4,23.1422,1.0177,7.1527,2452776.5581,2452213.5444,1.9017,2026-03-06,245.27765581,245.22135444,27.9625,1.5627,17.23844434510505,34.87553593140078,23.063138517462257
601019.SH,山东出版,出版业,SSE,11.75,12.0691,1.2079,0.3209,1863601.7,1863601.7,4.1433,2026-03-06,186.36016999999998,186.36016999999998,15.3866,1.2812,21.560968635046073,5.72119887605369,22.77064711683454
603236.SH,移远通信,通信设备,SSE,240.37,24.3998,3.4923,2.4311,2354683.3908,2140621.2674,1.0779,2026-03-06,235.46833908000002,214.06212673999997,42.2158,3.8141,42.202208651737024,8.4371149157075,22.64571793540706
603012.SH,创力集团,专用机械,SSE,18.15,33.6355,1.4097,3.301,535948.5,535948.5,1.2137,2026-03-06,53.59485,53.59485,37.0845,2.8635,9.300381561029536,50.770036668412786,22.592263624935647
603109.SH,神驰机电,电气设备,SSE,38.55,23.7759,2.7264,1.7906,542170.3426,542170.3426,1.1383,2026-03-06,54.21703426,54.21703426,38.7738,3.1055,38.68050075050679,12.207374013846406,22.549312504356635
601916.SH,浙商银行,银行,SSE,4.35,5.9462,0.4675,0.5617,8294320.0608,6506419.6608,5.1656,2026-03-06,829.4320060800001,650.64196608,6.088150000000001,0.5860000000000001,2.3315785583469584,20.221843003412975,22.495984324362677
600526.SH,菲达环保,环境保护,SSE,18.4,18.5111,1.1825,1.3308,528778.1898,519439.2483,1.6826,2026-03-06,52.87781898000001,51.94392483,24.110750000000003,1.6168,23.224702674118404,26.86170212765957,22.39619170794523
600361.SH,创新新材,铝,SSE,22.19,19.1226,1.592,1.4353,1776622.1331,1776622.1331,1.7082,2026-03-06,177.66221331,177.66221331,22.8419,2.4817,16.282796089642282,35.85042511181851,22.392845969402465
002233.SZ,塔牌集团,水泥,SZSE,30.62,17.7777,0.9383,0.5388,1127184.4877,1126341.8957,4.6875,2026-03-06,112.71844877,112.63418957,19.2843,1.1342,7.812572922014294,17.272086051842717,22.36915498435853
002252.SZ,上海莱士,生物制药,SZSE,147.86,22.6812,1.2752,0.3655,4142102.5383,4139921.5179,0.7674,2026-03-06,414.21025383,413.99215179,26.605449999999998,2.4093,14.749797503894868,47.07176358278339,22.323648076392963
600522.SH,中天科技,通信设备,SSE,168.81,32.6102,2.5519,4.7884,9344656.1472,9344656.1472,1.0896,2026-03-06,934.46561472,934.46561472,42.2158,3.8141,22.753566200332585,33.09299703730893,22.298125591325714
601108.SH,财通证券,证券,SSE,10.34,13.3943,1.0617,0.7199,3891473.8272,3891473.8272,2.0108,2026-03-06,389.14738272,389.14738272,19.207250000000002,1.22475,30.264353304090918,13.312921004286583,22.13201762292234
600908.SH,无锡银行,银行,SSE,7.5200000000000005,5.461,0.573,0.7059,1266331.338,1153603.4077,5.7192,2026-03-06,126.6331338,115.36034077000001,6.088150000000001,0.5860000000000001,10.30115880850505,2.2184300341297147,21.94359253364093
002839.SZ,张家港行,银行,SZSE,7.07,5.6112,0.6089,1.1053,1102399.5833,1101379.8953,6.6519,2026-03-06,110.23995833000001,110.13798953,6.088150000000001,0.5860000000000001,7.834071105343998,-3.9078498293515285,21.91697349333214
003019.SZ,宸展光电,元器件,SZSE,44.03,30.1384,3.2781,0.8887,546403.85,528144.5403,1.6142,2026-03-06,54.640384999999995,52.81445403,46.41985,3.6221,35.07432703897146,9.497252974793636,21.721506708026677
600469.SH,风神股份,汽车配件,SSE,14.05,28.3603,1.4049,1.4095,648835.3779,531769.685,0.4497,2026-03-06,64.88353778999999,53.17696850000001,33.56925,2.6611000000000002,15.517028232683183,47.20604261395663,21.717724077260264
600368.SH,五洲交通,路桥,SSE,14.9,10.1588,0.9073,0.8935,650300.1586,650300.1586,3.2426,2026-03-06,65.03001585999999,65.03001585999999,12.9667,1.0202,21.65470011645214,11.066457557341703,21.70961731378337
000686.SZ,东北证券,证券,SZSE,163.8,13.8833,1.0335,0.9561,2036194.0361,2036194.0361,1.954,2026-03-06,203.61940360999998,203.61940360999998,19.207250000000002,1.22475,27.718439651694027,15.615431720759332,21.63400537690541
600499.SH,科达制造,专用机械,SSE,354.27,22.6172,2.6124,1.319,3285287.9978,3285287.9978,1.131,2026-03-06,328.52879978,328.52879978,37.0845,2.8635,39.01171648532406,8.768988999476168,21.628383293972476
002057.SZ,中钢天源,矿物制品,SZSE,66.95,36.0435,2.6729,2.4636,853396.3552,852877.0049,1.0954,2026-03-06,85.33963552,85.28770049,48.4429,3.6466499999999997,25.595907759444625,26.702590048400587,21.535340118298027
600196.SH,复星医药,化学制药,SSE,348.44,21.0785,1.4406,0.7312,6919082.3811,5489004.5456,1.2234,2026-03-06,691.90823811,548.90045456,24.56945,2.3919499999999996,14.208498765743638,39.772988565814494,21.285496076041802
601200.SH,上海环境,环境保护,SSE,14.71,19.9861,1.0254,2.4273,1188721.3116,1188721.3116,1.1325,2026-03-06,118.87213116,118.87213116,24.110750000000003,1.6168,17.107099530292512,36.57842652152399,21.2138677685742
600535.SH,天士力,中成药,SSE,132.32,19.2183,1.713,0.7225,2124396.9071,2124396.9071,2.8833,2026-03-06,212.43969071,212.43969071,22.1063,2.2639,13.064149133957292,24.334113697601477,21.17579376286336
601881.SH,中国银河,证券,SSE,16.12,11.0704,1.3372,0.4004,15537785.6058,10292896.4423,2.259,2026-03-06,1553.77856058,1029.28964423,19.207250000000002,1.22475,42.36343047547151,-9.181465605225547,20.96793250862094
603393.SH,新天然气,供气供热,SSE,98.91,14.3525,1.7867,6.525,1605813.9867,1603162.4018,0.0,2026-03-06,160.58139867,160.31624018000002,23.16695,2.1878,38.047520282126044,18.333485693390628,20.719053820867607
000758.SZ,中色股份,铅锌,SZSE,113.32,28.99,2.6585,2.9059,1584390.1843,1573029.1867,0.5786,2026-03-06,158.43901843,157.30291867,34.02905,4.69055,14.808083093709634,43.322211680932945,20.655696741763737
600267.SH,海正药业,化学制药,SSE,56.29,22.7361,1.4608,1.3961,1243205.5793,1243115.3603,1.9741,2026-03-06,124.32055793,124.31153603,24.56945,2.3919499999999996,7.461908996741884,38.92848930788686,20.58561039106281
603310.SH,巍华新材,化工原料,SSE,18.289999999999996,34.0717,1.5316,1.3975,607453.06,341263.59,1.7055,2026-03-06,60.74530600000001,34.126359,36.8989,2.6035,7.662017024897761,41.171499903975416,20.53275678115173
601326.SH,秦港股份,港口,SSE,4.2,12.3035,0.9807,0.6488,1989118.672,1693691.004,2.3876,2026-03-06,198.9118672,169.3691004,16.32525,1.10975,24.63515106966203,11.628745212885782,20.505483991730546
002039.SZ,黔源电力,水力发电,SZSE,47.63,18.6867,1.9173,5.8785,832883.2294,832880.8918,0.8214,2026-03-06,83.28832294,83.28808918,32.0871,2.0018,41.762577484409626,4.2212009191727295,20.43559126951567
002179.SZ,中航光电,元器件,SZSE,513.18,35.1883,3.1484,1.1283,7472401.8628,7398572.3243,2.2678,2026-03-06,747.24018628,739.8572324300001,46.41985,3.6221,24.19557581508772,13.078048645813201,20.405044919779048
601016.SH,节能风电,新型电力,SSE,8.85,24.3975,1.2727,3.5639,2196169.8153,2023545.2765,3.2129,2026-03-06,219.61698153,202.35452765,27.9625,1.5627,12.749217702279836,18.55762462404812,20.30567446812637
600167.SH,联美控股,供气供热,SSE,29.650000000000002,22.4006,1.434,0.384,1554571.3981,1554571.3981,2.8619,2026-03-06,155.45713981,155.45713981,23.16695,2.1878,3.3079451546276006,34.45470335496847,20.24528906834158
002340.SZ,格林美,小金属,SZSE,216.45,37.7357,2.2492,3.4595,4623620.1573,4598547.9238,0.7278,2026-03-06,462.36201573,459.85479238,46.013149999999996,3.52495,17.989313924388995,36.19200272344288,20.23672638678846
001283.SZ,豪鹏科技,电气设备,SZSE,63.67,33.0509,1.8078,2.1912,624244.3965,498073.0104,0.5721,2026-03-06,62.424439650000004,49.807301040000006,38.7738,3.1055,14.759708875580934,41.787151827402994,20.156329098453273
603053.SH,成都燃气,供气供热,SSE,12.0,18.8874,1.8997,1.0606,916445.59,916445.59,2.9098,2026-03-06,91.644559,91.644559,23.16695,2.1878,18.472651773323634,13.168479751348395,20.06900463473397
002906.SZ,华阳集团,汽车配件,SZSE,33.75,22.3996,2.4734,1.9388,1675541.5789,1674936.8289,1.5037,2026-03-06,167.55415789,167.49368289,33.56925,2.6611000000000002,33.27345710732291,7.053474127240634,19.936525081101355
600398.SH,海澜之家,服饰,SSE,58.59000000000001,14.2036,1.6665,0.5857,3001731.435,3001731.435,2.88,2026-03-06,300.1731435,300.1731435,19.0293,1.7297,25.35931432054779,3.6538127999074965,19.879869568191367
603013.SH,亚普股份,汽车配件,SSE,26.52,21.3904,2.6568,0.5385,1162298.1429,1162298.1429,1.7636,2026-03-06,116.22981429000001,116.22981429000001,33.56925,2.6611000000000002,36.27977985805462,0.16158731351697542,19.85118813727694
002958.SZ,青农商行,银行,SZSE,3.8699999999999997,5.7972,0.4634,0.9128,1722242.9645,1686270.1044,3.871,2026-03-06,172.22429645,168.62701044000002,6.088150000000001,0.5860000000000001,4.7789558404441435,20.92150170648466,19.801032848123054
605088.SH,冠盛股份,汽车配件,SSE,37.0,23.1437,2.4355,1.1364,699404.8829,689017.6229,1.5903,2026-03-06,69.94048828999999,68.90176229,33.56925,2.6611000000000002,31.056845178250924,8.477697192890155,19.736947229167416
600717.SH,天津港,港口,SSE,246.89,15.6089,0.6895,0.8724,1374650.4931,1374650.4931,2.1895,2026-03-06,137.46504931,137.46504931,16.32525,1.10975,4.387987932803483,37.86888938950214,19.684361989972032
000821.SZ,ST京机,电气设备,SZSE,23.05,31.145,2.039,3.1409,873893.3135,848325.0219,0.4989,2026-03-06,87.38933135,84.83250219,38.7738,3.1055,19.675141461502356,34.34229592658187,19.669445362575505
002950.SZ,奥美医疗,医疗保健,SZSE,18.77,15.0925,1.8297,1.2384,682660.1087,487250.8353,0.5438,2026-03-06,68.26601087,48.72508353,21.2576,2.3248,29.00186286316424,21.296455609084653,19.62108182799109
002926.SZ,华西证券,证券,SZSE,9.41,15.0665,0.9504,0.756,2310000.0,2310000.0,1.4205,2026-03-06,231.0,231.0,19.207250000000002,1.22475,21.5582657590233,22.400489895897124,19.60495327237846
002255.SZ,海陆重工,专用机械,SZSE,53.85,23.8891,2.4605,6.2507,1089285.0631,836381.6106,0.3703,2026-03-06,108.92850630999999,83.63816106,37.0845,2.8635,35.58198169046367,14.073686048541989,19.565798490748065
600956.SH,新天绿能,供气供热,SSE,9.25,21.3198,1.5555,1.0212,3700408.3199,1925432.7151,2.561,2026-03-06,370.04083199,192.54327150999998,23.16695,2.1878,7.973211838416361,28.901179266843403,19.542638515419565
600479.SH,千金药业,中成药,SSE,129.38,19.1524,1.8193,1.7822,551275.2179,468727.971,2.733,2026-03-06,55.12752179,46.8727971,22.1063,2.2639,13.362254199029245,19.638676619992058,19.435504665609315
601921.SH,浙版传媒,出版业,SSE,9.36,13.6879,1.2904,0.36,1755555.5562,1755555.5562,5.0633,2026-03-06,175.55555562,175.55555562,15.3866,1.2812,11.040125823768731,-0.7180768029972029,19.39052728860833
000403.SZ,派林生物,生物制药,SZSE,121.87,23.8207,1.6614,0.7383,1333407.5326,1319816.3152,1.919,2026-03-06,133.34075326,131.98163152,26.605449999999998,2.4093,10.466840440586422,31.04221143070601,19.256399605446372
600038.SH,中直股份,航空,SSE,112.88,54.2605,1.7967,2.1829,3100016.2384,2529244.0706,0.5395,2026-03-06,310.00162384000004,252.92440706000002,66.1467,2.7568,17.96945274669787,34.82661056297156,19.254264267570615
601199.SH,江南水务,水务,SSE,29.31,14.2628,1.28,0.9704,578895.1707,578895.1707,2.2617,2026-03-06,57.889517070000004,57.889517070000004,20.6358,1.2842,30.883222361139374,0.3270518610808293,19.236504502779997
601900.SH,南方传媒,出版业,SSE,17.29,11.0247,1.4437,0.6807,1247105.7129,1247105.7129,3.8897,2026-03-06,124.71057128999999,124.71057128999999,15.3866,1.2812,28.348693018600603,-12.683421792069938,19.203550669819258
601528.SH,瑞丰银行,银行,SSE,7.78,5.233,0.5438,1.0129,1049756.3463,927934.2478,3.7383,2026-03-06,104.97563463000002,92.79342478,6.088150000000001,0.5860000000000001,14.046138810640352,7.201365187713327,18.99376508057014
600360.SH,*ST华微,半导体,SSE,58.41,49.927,2.5777,1.3889,875789.3172,875789.3172,0.8114,2026-03-06,87.57893172,87.57893172,54.732,4.5064,8.779142001023166,42.79913012604296,18.785595838222154
000828.SZ,东莞控股,路桥,SZSE,37.4,10.4807,1.0966,0.5522,1115401.7324,1115400.2839,4.4268,2026-03-06,111.54017324000002,111.54002838999999,12.9667,1.0202,19.172187218027716,-7.488727700450903,18.702656577075814
002616.SZ,长青集团,环境保护,SZSE,29.48,17.6587,1.5309,3.46,521544.3354,356600.5227,2.1341,2026-03-06,52.15443354,35.660052269999994,24.110750000000003,1.6168,26.76005516211649,5.312963879267696,18.700211228626905
002396.SZ,星网锐捷,通信设备,SZSE,95.41,35.8592,2.5254,2.0323,1743614.3067,1736425.3876,0.8399,2026-03-06,174.36143067,173.64253876,42.2158,3.8141,15.05739557227389,33.78778742036129,18.678994455017943
600664.SH,哈药股份,化学制药,SSE,58.769999999999996,19.5692,1.5535,0.8338,878959.9467,878959.9467,0.0,2026-03-06,87.89599467,87.89599467,24.56945,2.3919499999999996,20.351493419673627,35.052990238090246,18.656494439296523
603018.SH,华设集团,建筑工程,SSE,61.74,16.1267,1.0298,1.2895,542250.5476,542250.5476,1.248,2026-03-06,54.225054760000006,54.225054760000006,20.061799999999998,1.3445,19.614889989931108,23.406470806991443,18.611897238069876
002029.SZ,七匹狼,服饰,SZSE,79.8,16.6511,1.1027,1.3862,752260.114,709988.1583,0.8959,2026-03-06,75.22601139999999,70.99881583,19.0293,1.7297,12.497569537502695,36.249060530727874,18.561445974219442
603418.SH,友升股份,汽车配件,SSE,54.39,20.8279,2.3799,1.4775,1050099.2669,219857.488,0.0,2026-03-06,105.00992668999999,21.9857488,33.56925,2.6611000000000002,37.95542051133105,10.567058735109548,18.352285825065284
603160.SH,汇顶科技,半导体,SSE,76.42,40.6682,3.6406,0.7851,3384388.6771,3384388.6771,0.7417,2026-03-06,338.43886771,338.43886771,54.732,4.5064,25.69575385514873,19.21267530623114,18.267204133928836
002438.SZ,江苏神通,机械基件,SZSE,75.6,30.5476,2.5083,2.3984,920672.9543,850549.5299,0.9647,2026-03-06,92.06729543,85.05495298999999,39.75035,3.1491,23.15136847851654,20.348671048871093,18.259248706067943
002152.SZ,广电运通,IT设备,SZSE,217.58999999999997,38.0226,2.6473,0.7261,3255714.9793,3254077.2977,2.8223,2026-03-06,325.57149792999996,325.40772977,40.9283,3.4168,7.099488617900096,22.521072348396153,18.063017151678885
603345.SH,安井食品,食品,SSE,103.35,22.1387,2.0302,1.3157,3070590.9305,2702119.7594,2.6379,2026-03-06,307.05909305,270.21197594,25.2255,2.456,12.236823848883072,17.337133550488602,18.00956960469981
601868.SH,中国能建,建筑工程,SSE,3.0,15.1594,1.0983,6.2516,12048746.2908,9371902.2868,0.9066,2026-03-06,1204.87462908,937.1902286800001,20.061799999999998,1.3445,24.43649124206202,18.31164001487542,17.987888501287433
600089.SH,特变电工,电气设备,SSE,2282.63,30.6017,2.3667,8.2636,16285150.4563,16285150.4563,0.7707,2026-03-06,1628.51504563,1628.51504563,38.7738,3.1055,21.076345367232506,23.79004991144744,17.879653120327234
603456.SH,九洲药业,医疗保健,SSE,69.71,20.6959,1.7088,1.4145,1496048.2191,1496048.2191,2.9468,2026-03-06,149.60482191,149.60482191,21.2576,2.3248,2.6423490892668933,26.496902959394365,17.846410523525066
603107.SH,上海汽配,汽车配件,SSE,15.48,26.4433,2.3711,0.8875,501954.48,324642.909,2.0161,2026-03-06,50.195448,32.4642909,33.56925,2.6611000000000002,21.227611579049267,10.897749051144267,17.808669346962986
002783.SZ,凯龙股份,化工原料,SZSE,45.96,30.1481,1.97,3.5479,516335.807,476868.7653,0.9671,2026-03-06,51.633580699999996,47.686876530000006,36.8989,2.6035,18.295396339728278,24.33262915306318,17.519247281810266
601000.SH,唐山港,港口,SSE,24.75,14.0389,1.1956,0.6049,2506667.8037,2506667.8037,4.7281,2026-03-06,250.66678037,250.66678037,16.32525,1.10975,14.004992266580917,-7.73597657129983,17.46550393524242
601298.SH,青岛港,港口,SSE,11.44,11.0317,1.3622,0.4751,6049705.2,5025413.9,3.7264,2026-03-06,604.97052,502.54139000000004,16.32525,1.10975,32.425537128068484,-22.748366749267856,17.324904826447035
000019.SZ,深粮控股,农业综合,SZSE,34.49,26.4788,1.721,6.182,858638.7642,310081.2232,2.0134,2026-03-06,85.86387642,31.008122320000002,29.9079,2.2085999999999997,11.465532518164101,22.077334057774145,17.249613224597883
001338.SZ,永顺泰,啤酒,SZSE,13.52,19.6845,1.7589,2.0589,654758.7384,654758.7384,2.2989,2026-03-06,65.47587384,65.47587384,21.5242,2.28195,8.547123702623093,22.92118582791035,17.191905229422343
600909.SH,华安证券,证券,SSE,7.8999999999999995,13.9753,1.244,1.8693,2940495.9899,2940495.9899,2.2274,2026-03-06,294.04959899,294.04959899,19.207250000000002,1.22475,27.23945385206108,-1.5717493365993151,17.106456739844635
601518.SH,吉林高速,路桥,SSE,4.89,10.3738,1.0059,1.0862,565275.3975,565275.3975,2.8763,2026-03-06,56.527539749999995,56.527539749999995,12.9667,1.0202,19.996606692527784,1.4016859439325624,17.048048460190884
603658.SH,安图生物,医疗保健,SSE,54.74,18.2183,2.2866,0.3334,1999986.688,1999986.688,3.6,2026-03-06,199.99866880000002,199.99866880000002,21.2576,2.3248,14.297474785488484,1.643152099105305,17.011935543926985
000975.SZ,山金国际,黄金,SZSE,274.77,28.4899,5.6752,1.406,8466226.186,7706141.5126,1.1971,2026-03-06,846.6226186000001,770.61415126,39.8692,6.0621,28.541580969771154,6.382276768776496,16.92261541854141
601107.SH,四川成渝,路桥,SSE,8.29,11.8876,1.0242,0.5332,1944926.16,1375502.64,4.5597,2026-03-06,194.492616,137.550264,12.9667,1.0202,8.322086575612907,-0.3920799843168066,16.890310634950122
600079.SH,ST人福,化学制药,SSE,368.44999999999993,22.5189,1.7009,0.7471,3217117.377,3041605.3557,1.6235,2026-03-06,321.71173769999996,304.16053557000004,24.56945,2.3919499999999996,8.345933669658868,28.890654068855937,16.876069688520328
601333.SH,广深铁路,铁路,SSE,4.34,16.9068,0.7841,1.1838,2210063.544,1763497.944,2.2436,2026-03-06,221.00635440000002,176.34979439999998,17.91605,1.0606499999999999,5.633217143287716,26.07363409230188,16.80617708500565
001332.SZ,锡装股份,专用机械,SZSE,87.88,27.153,2.6586,10.458,670674.3,291381.2511,1.3143,2026-03-06,67.06743,29.13812511,37.0845,2.8635,26.780730493872106,7.155578837087495,16.801865848675092
600728.SH,佳都科技,软件服务,SSE,94.67,50.7048,1.7236,1.3031,1354200.5307,1354200.5307,0.0,2026-03-06,135.42005307,135.42005307,51.951049999999995,3.65165,2.3988928038990442,52.79941944052688,16.799382953717682
603008.SH,喜临门,家居用品,SSE,32.4,20.3413,1.8886,1.205,704911.7206,704911.7206,4.203,2026-03-06,70.49117206,70.49117206,21.7759,1.9889,6.588017027998838,5.042988586655928,16.757103387196313
601952.SH,苏垦农发,种植业,SSE,15.57,24.9925,1.9645,1.8847,1383512.0,1383512.0,2.6892,2026-03-06,138.3512,138.3512,29.4132,2.1494,15.029646553248199,8.602400669954413,16.6601788222856
601377.SH,兴业证券,证券,SSE,17.73,16.9379,1.0229,1.0457,5699751.614,5699751.614,2.2727,2026-03-06,569.9751614,569.9751614,19.207250000000002,1.22475,11.815069830402592,16.4809144723413,16.48840227386343
002452.SZ,长高电新,电气设备,SZSE,66.61,27.3721,2.9046,15.9491,749361.1587,623212.9863,0.9106,2026-03-06,74.93611587000001,62.32129863,38.7738,3.1055,29.40568115583203,6.469167605860582,16.434822744090987
600958.SH,东方证券,证券,SSE,12.79,16.257,1.0764,0.4373,8386188.9032,7372379.5868,2.2108,2026-03-06,838.61889032,737.23795868,19.207250000000002,1.22475,15.360085384425147,12.112676056338023,16.410236970671463
603344.SH,星德胜,电气设备,SSE,30.18,29.6458,2.7367,2.4891,575033.5769,159715.5769,1.0487,2026-03-06,57.50335769,15.97155769,38.7738,3.1055,23.54166989049307,11.875704395427478,16.125479274825473
002539.SZ,云图控股,农药化肥,SZSE,88.85,23.1047,2.0223,4.9065,1871971.8311,1365863.4178,1.2903,2026-03-06,187.19718311,136.58634178,26.9048,2.584,14.124245487793996,21.73761609907121,16.04188302483896
600546.SH,山煤国际,煤炭开采,SSE,96.27,18.8448,1.4188,1.4245,2323438.5961,2323438.5961,5.8874,2026-03-06,232.34385961,232.34385961,19.6431,1.279,4.064022481176599,-10.930414386239251,16.00868467659886
000551.SZ,创元科技,专用机械,SZSE,128.51,27.4274,2.51,2.2046,706256.048,703705.2912,0.572,2026-03-06,70.62560479999999,70.37052912,37.0845,2.8635,26.04079871644488,12.345032303125558,15.835829177515619
600284.SH,浦东建设,建筑工程,SSE,20.9,20.0095,0.955,0.6697,746126.864,746126.864,2.3407,2026-03-06,74.6126864,74.6126864,20.061799999999998,1.3445,0.2606944541367118,28.96987727779844,15.817340964994218
600905.SH,三峡能源,新型电力,SSE,4.55,22.8977,1.3682,0.6778,12206926.6106,12206926.6106,1.5691,2026-03-06,1220.69266106,1220.69266106,27.9625,1.5627,18.11282968261063,12.446406859921922,15.686353931020829
603225.SH,新凤鸣,化纤,SSE,40.14,25.558,1.6313,2.5141,3127605.971,3110371.9304,1.0757,2026-03-06,312.7605971,311.03719304,32.4898,1.8615,21.33531139003626,12.366371206016646,15.471135917819499
601898.SH,中煤能源,煤炭开采,SSE,20.73,13.3639,1.4808,0.6055,22977263.6722,15860416.6932,2.4466,2026-03-06,2297.72636722,1586.04166932,19.6431,1.279,31.966441142182244,-15.77795152462862,15.392990999484313
603197.SH,保隆科技,汽车配件,SSE,54.19,29.4929,2.3667,0.8839,743108.9374,743108.9374,2.3813,2026-03-06,74.31089374000001,74.31089374000001,33.56925,2.6611000000000002,12.14310715908159,11.063094209161639,15.320071126381126
000600.SZ,建投能源,火力发电,SZSE,50.91,10.2946,1.4861,3.4228,1727498.5322,1044268.7392,2.4054,2026-03-06,172.74985322,104.42687391999999,12.585,1.5245,18.19944378228049,2.518858642177768,15.251635105565528
600031.SH,三一重工,工程机械,SSE,991.9399999999999,24.5741,2.3929,0.7785,20256594.7747,18669081.2515,3.023,2026-03-06,2025.6594774700002,1866.90812515,26.276600000000002,2.6967,6.479148748316,11.265620944116883,15.040345782561463
002245.SZ,蔚蓝锂芯,电气设备,SZSE,240.39,28.4637,2.7644,5.1788,2046859.8926,1925081.5693,0.3658,2026-03-06,204.68598925999999,192.50815693,38.7738,3.1055,26.590378038778773,10.98373852841732,15.028672774036707
600063.SH,皖维高新,化纤,SSE,74.05,26.6989,1.7439,1.9792,1466996.4723,1466996.4723,1.9891,2026-03-06,146.69964723,146.69964723,32.4898,1.8615,17.82374776083572,6.317485898468977,14.992044873874981
002216.SZ,三全食品,食品,SZSE,130.54,20.3749,2.4468,3.1292,1107771.9005,794310.3063,2.381,2026-03-06,110.77719005,79.43103063000001,25.2255,2.456,19.228954827456345,0.37459283387621944,14.946959781145404
000683.SZ,博源化工,化工原料,SZSE,69.8,33.3905,2.4557,1.9609,3568158.2976,3215051.5421,3.1266,2026-03-06,356.81582976000004,321.50515421,36.8989,2.6035,9.508142519153672,5.676973305166111,14.8861489992113
002765.SZ,蓝黛科技,元器件,SZSE,22.850000000000005,37.6862,2.7416,1.292,720601.5395,658453.0797,0.0,2026-03-06,72.06015395,65.84530797,46.41985,3.6221,18.81447268786952,24.309102454377296,14.818519811460998
000039.SZ,中集集团,运输设备,SZSE,507.85,26.6647,1.487,3.4316,7225977.3159,3083885.5689,1.3134,2026-03-06,722.59773159,308.38855688999996,29.7898,1.9045,10.490503460916155,21.921764242583354,14.712930657141468
600279.SH,重庆港,港口,SSE,10.14,12.8711,0.9602,1.6158,646842.1242,646842.1242,0.7339,2026-03-06,64.68421242,64.68421242,16.32525,1.10975,21.15832835638045,13.476008109934668,14.707833775532581
600030.SH,中信证券,证券,SSE,108.15,13.0347,1.4194,0.6379,39170705.269,32182624.2243,2.1566,2026-03-06,3917.0705269,3218.2624224300002,19.207250000000002,1.22475,32.13656301656926,-15.89303939579505,14.55651338788919
002580.SZ,圣阳股份,电气设备,SZSE,55.06000000000001,30.3636,2.5979,2.2922,604553.4987,602515.2816,0.3003,2026-03-06,60.45534987,60.25152816,38.7738,3.1055,21.690419819568884,16.345194010626308,14.480626131015448
002334.SZ,英威腾,电气设备,SZSE,119.89,29.7636,2.7519,9.8121,838372.6714,748043.3807,0.5756,2026-03-06,83.83726714,74.80433807,38.7738,3.1055,23.237856490723118,11.386250201255843,14.437817656666
000425.SZ,徐工机械,工程机械,SZSE,473.12999999999994,21.7315,2.4123,0.8809,14439048.7592,11072335.0056,1.4243,2026-03-06,1443.90487592,1107.23350056,26.276600000000002,2.6967,17.297138899248765,10.546223161641999,14.355622508192106
600475.SH,华光环能,电气设备,SSE,68.52,36.9888,2.4404,3.0958,2098344.7752,2069634.1752,2.0287,2026-03-06,209.83447752,206.96341752,38.7738,3.1055,4.6036240966838555,21.41684108839157,14.352601965191013
605111.SH,新洁能,半导体,SSE,163.57,39.7186,4.0714,2.3993,1735259.4649,1735259.4649,0.1554,2026-03-06,173.52594649,173.52594649,54.732,4.5064,27.430753489731774,9.652938043671233,14.33438280899408
601968.SH,宝钢包装,广告包装,SSE,6.5600000000000005,39.3075,1.6665,0.6186,751434.1019,751434.1019,1.2926,2026-03-06,75.14341019,75.14341019,43.1325,2.1463,8.868022952529998,22.35475003494386,14.131434191495156
002154.SZ,报喜鸟,服饰,SZSE,58.56,18.0765,1.2587,1.1515,570599.488,461291.078,1.2788,2026-03-06,57.0599488,46.1291078,19.0293,1.7297,5.007015497154388,27.23015551829797,14.008252854351145
603063.SH,禾望电气,电气设备,SSE,32.58,28.0035,2.949,10.7503,1460675.7352,1460675.7352,0.3715,2026-03-06,146.06757352,146.06757352,38.7738,3.1055,27.777261965554068,5.039446143938187,13.737238629403084
601901.SH,方正证券,证券,SSE,7.93,15.135,1.2279,0.5554,6116451.3365,6116451.3365,1.7537,2026-03-06,611.64513365,611.64513365,19.207250000000002,1.22475,21.201629592992244,-0.25719534598898086,13.664593233400204
000400.SZ,许继电气,电气设备,SZSE,199.09,30.4862,2.9527,7.5312,3425626.6234,3402351.334,1.1538,2026-03-06,342.56266234,340.2351334,38.7738,3.1055,21.374226926429706,4.920302688777978,13.487181577205277
000960.SZ,锡业股份,小金属,SZSE,99.64,34.7877,3.3569,3.1122,6631090.7666,6631090.7666,0.7445,2026-03-06,663.10907666,663.10907666,46.013149999999996,3.52495,24.39617804910117,4.767443509837022,13.422204272591575
600489.SH,中金黄金,黄金,SSE,296.83,34.5542,5.2332,1.3457,15278729.2017,15278729.2017,1.231,2026-03-06,1527.87292017,1527.87292017,39.8692,6.0621,13.331092673040834,13.673479487306384,13.127480915408247
600312.SH,平高电气,电气设备,SSE,146.74,29.5606,3.0522,5.2701,3395017.1151,3395017.1151,1.0192,2026-03-06,339.50171151,339.50171151,38.7738,3.1055,23.761405897796962,1.7163097729834154,13.07705529101381
600033.SH,福建高速,路桥,SSE,20.96,12.9224,0.8504,1.3444,1045616.4,1045616.4,2.6247,2026-03-06,104.56164,104.56164,12.9667,1.0202,0.3416443659527868,16.64379533424818,13.003896346655567
601018.SH,宁波港,港口,SSE,5.51,15.9996,1.0239,0.3162,8268115.0696,8268115.0696,3.2471,2026-03-06,826.81150696,826.81150696,16.32525,1.10975,1.9947627142004043,7.73597657129984,12.859998057070115
601566.SH,九牧王,服饰,SSE,20.0,18.2381,1.5712,0.775,640720.4223,640720.4223,2.6906,2026-03-06,64.07204223,64.07204223,19.0293,1.7297,4.157798762960274,9.163438746603457,12.483951129165145
002939.SZ,长城证券,证券,SZSE,10.450000000000001,15.838,1.2216,0.6347,3820602.3273,3411718.6706,1.774,2026-03-06,382.06023273,341.17186706,19.207250000000002,1.22475,17.54155331971001,0.25719534598898086,12.4157799316807
603275.SH,众辰科技,电器仪表,SSE,44.86,34.127,2.2614,2.6931,661737.1932,184751.9634,0.379,2026-03-06,66.17371932,18.47519634,35.8605,3.2467,4.834009564841535,30.347737702898325,12.174925136806113
600777.SH,*ST新潮,石油开采,SSE,169.6,19.1587,1.3963,0.6516,3284639.4835,3074851.6049,0.0,2026-03-06,328.46394835,307.48516049,22.0601,1.7903,13.152252256336094,22.007484779087292,11.863146336260625
603341.SH,龙旗科技,通信设备,SSE,43.9,38.8266,3.1478,2.532,2242436.4534,1142319.2578,1.1337,2026-03-06,224.24364534,114.23192578,42.2158,3.8141,8.028273774274098,17.469389895388154,11.853226478326086
600150.SH,中国船舶,船舶,SSE,95.5,40.7174,2.0758,1.307,29297243.6742,29297243.6742,0.3816,2026-03-06,2929.72436742,2929.72436742,47.6875,2.4721,14.61619921363041,16.030904898669153,11.80055115505291
603290.SH,斯达半导,半导体,SSE,145.22,51.3685,3.463,1.5598,2394734.66,2394734.66,0.636,2026-03-06,239.473466,239.473466,54.732,4.5064,6.145399400716222,23.153736907509327,11.312280832539287
600603.SH,广汇物流,区域地产,SSE,1554.71,21.6121,1.1988,2.6448,875903.5968,875903.5968,0.0,2026-03-06,87.59035968,87.59035968,32.9247,1.1082999999999998,34.359007067642224,-8.165659117567458,11.293905091786652
603983.SH,丸美生物,日用化工,SSE,31.100000000000005,32.8463,3.5332,0.4141,1138840.0,1138840.0,2.6408,2026-03-06,113.884,113.884,33.278400000000005,3.84155,1.2984398288379384,8.026707969439418,10.849788322367
002392.SZ,北京利尔,其他建材,SZSE,66.35,26.4044,1.6328,0.8118,941678.2536,904810.174,0.4084,2026-03-06,94.16782536000001,90.4810174,27.49725,2.2144500000000003,3.974397439743982,26.266115739799957,10.694793697837579
601233.SH,桐昆股份,化纤,SSE,68.38,31.0091,1.4291,2.6382,5407470.3868,5397629.9561,0.4408,2026-03-06,540.7470386800001,539.76299561,32.4898,1.8615,4.5574303319811165,23.228579102874026,10.113945863654655
002276.SZ,万马股份,电气设备,SZSE,62.61,33.8603,2.7691,3.0591,1686473.8439,1680102.3758,0.3007,2026-03-06,168.64738438999998,168.01023758,38.7738,3.1055,12.67221680619387,10.832394139430047,9.220704964306563
002063.SZ,远光软件,软件服务,SZSE,120.33,44.4683,3.3877,7.2189,1338955.9513,1236369.6723,0.4268,2026-03-06,133.89559513,123.63696723,51.951049999999995,3.65165,14.403462490171027,7.2282392890884894,9.210256782794959
600963.SH,岳阳林纸,造纸,SSE,20.56,25.4214,1.3489,2.9853,1077389.0945,1077389.0945,0.4917,2026-03-06,107.73890945,107.73890945,25.90585,1.7093500000000001,1.8700409366996351,21.086962880627148,8.549205238867998
600919.SH,江苏银行,银行,SSE,16.6,5.6625,0.7774,0.4461,19360647.3085,19360647.3085,5.1687,2026-03-06,1936.06473085,1936.06473085,6.088150000000001,0.5860000000000001,6.991450604863559,-32.66211604095561,8.504045429658742
600835.SH,上海机电,运输设备,SSE,87.01,28.1366,1.8374,1.0858,2571166.6203,2027551.8102,1.6706,2026-03-06,257.11666203,202.75518102,29.7898,1.9045,5.549550517291147,3.5232344447361563,8.288590540337307
600125.SH,铁龙物流,铁路,SSE,110.27000000000001,16.1999,1.1317,2.3991,865561.0025,865561.0025,2.1116,2026-03-06,86.55610025,86.55610025,17.91605,1.0606499999999999,9.578841318259324,-6.69872248149721,8.156719782854566
600507.SH,方大特钢,特种钢,SSE,97.64,19.4018,1.6406,1.2154,1644676.5898,1644676.5898,0.4541,2026-03-06,164.46765897999998,164.46765897999998,19.8559,2.0387,2.2869776741421766,19.52714965419139,8.135235965914287
603583.SH,捷昌驱动,电气设备,SSE,103.43,36.1342,2.819,0.7843,1332838.6495,1320663.2295,0.8631,2026-03-06,133.28386495,132.06632295,38.7738,3.1055,6.807689728631194,9.225567541458712,8.080046153890091
002673.SZ,西部证券,证券,SZSE,18.95,17.9904,1.1678,0.7055,3450517.0763,3450517.0763,1.2936,2026-03-06,345.05170763,345.05170763,19.207250000000002,1.22475,6.335368155253884,4.649928556848337,7.809925829156055
603707.SH,健友股份,生物制药,SSE,38.76,24.0918,2.3348,1.0024,1565550.5631,1565550.5631,1.032,2026-03-06,156.55505631,156.55505631,26.605449999999998,2.4093,9.447876280987533,3.0921844519154917,7.802805847969661
603859.SH,能科科技,软件服务,SSE,64.97,44.5125,3.4902,2.0412,1064679.6971,1064679.6971,0.0459,2026-03-06,106.46796971,106.46796971,51.951049999999995,3.65165,14.3183824003557,4.4212890063396015,7.19143966204416
000923.SZ,河钢资源,普钢,SZSE,37.92,26.7794,1.3724,4.2904,1409241.8268,1355639.0233,2.3159,2026-03-06,140.92418268,135.56390233,27.25555,1.3493,1.746983641863764,-1.7119988141999665,7.132893812485515
601838.SH,成都银行,银行,SSE,21.64,5.3933,0.8466,0.6345,7179909.4931,7179909.4931,5.2597,2026-03-06,717.9909493099999,717.9909493099999,6.088150000000001,0.5860000000000001,11.41315506352505,-44.47098976109214,7.003065097082375
601128.SH,常熟银行,银行,SSE,10.83,5.7082,0.8052,1.1331,2394527.4227,2394527.4227,5.2253,2026-03-06,239.45274227,239.45274227,6.088150000000001,0.5860000000000001,6.240812069347845,-37.40614334470989,6.950381824326172
002264.SZ,新华都,互联网,SZSE,44.43,27.4531,3.409,2.5968,680221.6785,618769.7555,1.041,2026-03-06,68.02216785,61.87697555,28.23545,3.66585,2.7708076194996045,7.006560552122975,6.333291213436734
002953.SZ,日丰股份,电气设备,SZSE,32.16,37.2365,2.985,5.7466,646918.8168,357474.9908,0.7008,2026-03-06,64.69188168000001,35.747499080000004,38.7738,3.1055,3.9647906576090075,3.8802125261632625,4.852380020892582
601878.SH,浙商证券,证券,SSE,11.38,18.4635,1.3039,0.4713,4724731.9281,4724731.9281,1.6317,2026-03-06,472.47319281,472.47319281,19.207250000000002,1.22475,3.872235744315311,-6.462543376199226,4.5052312848663565
600675.SH,中华企业,区域地产,SSE,107.38999999999999,29.7932,1.1409,0.5421,1674779.4867,1674779.4867,0.0,2026-03-06,167.47794867,167.47794867,32.9247,1.1082999999999998,9.511096532390583,-2.941441847875148,2.922006058593689
600179.SH,安通控股,水运,SSE,11.4,17.8675,1.7391,1.8196,1988817.6801,1815270.8927,0.0,2026-03-06,198.88176801,181.52708927,18.44895,1.7695,3.1516698782315555,1.7179994348686112,1.7760677817532056
002948.SZ,青岛银行,银行,SZSE,7.470000000000001,6.0585,0.7348,1.1082,3142991.551,1680750.7652,2.963,2026-03-06,314.2991551,168.07507652,6.088150000000001,0.5860000000000001,0.48701165378646216,-25.392491467576782,1.4660572212415515
