symbol,current_price,price_6m_ago,latest_date,start_date,return_6m,name,industry,current_price_fund,pe_ttm,pb,market_cap,circulating_cap,turnover_rate,dividend_yield_ttm,median_pe,median_pb,stock_count,hist_median_pe,hist_avg_pe,hist_std_pe,hist_median_pb,hist_avg_pb,excess_decline,pe_vs_hist_median,pb_vs_hist_median,sentiment_score,fundamental_score,total_score
000596.SZ,,173.369999994345,2026-03-09,2025-09-10,-35.93470611776957,古井贡酒,白酒,,12.4101,2.3548,587.11602,453.83202,0.7135,5.402,15.7895,2.8338,13.0,16.48885,18.046419294605812,5.005373560889857,3.7630999999999997,3.9982470954356857,-35.93470611776957,-24.73641278803555,-37.42393239616273,95,55,150
603369.SH,,42.74,2026-03-09,2025-09-10,-31.913897987833412,今世缘,白酒,,12.619,2.1978,362.81881077,362.81881077,0.4638,4.1237,15.7895,2.8338,13.0,16.10975,16.621679668049794,2.567313331350912,3.653,3.7210454356846463,-31.913897987833412,-21.66855475721224,-39.83575143717493,95,45,140
601127.SH,,138.259999995195,2026-03-09,2025-09-10,-29.26370605858608,赛力斯,汽车整车,,23.5952,4.2508,1703.6614141100001,1476.56698475,1.4409,1.3088,21.4357,1.7981500000000001,14.0,32.1904,31.142185294117645,2.894550691046347,8.601949999999999,7.4684270588235275,-29.26370605858608,-26.701128286694164,-50.58329797313399,85,40,125
603198.SH,,45.93,2026-03-09,2025-09-10,-21.663400827345967,迎驾贡酒,白酒,,13.7441,2.8338,287.84,287.84,0.3408,4.169,15.7895,2.8338,13.0,16.07045,16.85166556016598,3.1932378621159,4.55505,4.493011203319503,-21.663400827345967,-14.475948091061552,-37.78773010175519,80,40,120
600612.SH,,55.6700000024,2026-03-09,2025-09-10,-23.33393210317943,老凤祥,服饰,,12.722,1.6932,223.26666168,135.34239008,0.8063,4.8032,18.6031,1.7297,27.0,14.3368,14.366877593360998,1.84307699520832,2.1546,2.287039004149377,-23.33393210317943,-11.26332235924335,-21.414647730437196,70,50,120
002543.SZ,,11.809999999707001,2026-03-09,2025-09-10,-24.724809481621033,万和电气,家用电器,,9.6802,1.3065,66.10604000000001,58.81721817,0.9401,2.9164,26.2748,2.3427,48.0,13.02385,13.645558298755185,2.307676678852602,1.68845,1.6773935684647303,-24.724809481621033,-25.673284013559744,-22.62133909798928,75,45,120
601766.SH,,7.49000000008,2026-03-09,2025-09-10,-16.42189586204089,中国中车,运输设备,,11.8923,1.0781,1796.54889191,1522.9201578,0.6313,5.1118,29.4216,1.919,19.0,16.1752,15.878184854771783,1.982392518252364,1.27905,1.286504564315353,-16.42189586204089,-26.47818883228646,-15.710879168132596,55,60,115
002074.SZ,,46.76,2026-03-09,2025-09-10,-19.311377245508986,国轩高科,电气设备,,20.5689,2.4055,684.46513825,655.06538271,3.625,0.2617,37.981899999999996,3.0931,92.0,37.0266,39.11101452282158,14.022605783943597,1.6447500000000002,1.8776238589211618,-19.311377245508986,-44.44831553531785,46.25322997416019,60,55,115
002468.SZ,,17.4,2026-03-09,2025-09-10,-23.50574712643677,申通快递,仓储物流,,17.8238,1.9809,203.74976829,195.28431547,2.0237,0.494,24.45795,1.8714,32.0,22.36705,24.916349377593367,7.850218970555208,1.7679,1.8714365145228216,-23.50574712643677,-20.312245021136004,12.048192771084342,65,50,115
601881.SH,,16.94999999961,2026-03-09,2025-09-10,-17.28613569131219,中国银河,证券,,10.9223,1.3193,1533.00319629,1015.52715074,0.3863,2.2896,18.9809,1.2043,48.0,16.3898,16.459372614107888,2.6277982276491434,1.51225,1.4765354771784234,-17.28613569131219,-33.35916240588659,-12.759133741114246,60,55,115
000568.SZ,,138.219999994846,2026-03-09,2025-09-10,-24.02691361314162,泸州老窖,白酒,,12.2263,3.2418,1545.68625535,1544.96634249,0.4501,5.6662,15.7895,2.8338,13.0,13.99095,14.571000622406638,2.471576218901939,4.2477,4.418685477178423,-24.02691361314162,-12.612796128926195,-23.681050921675258,70,45,115
603529.SH,,35.009999999172,2026-03-09,2025-09-10,-20.39417309151918,爱玛科技,摩托车,,10.3437,2.5452,242.22596134000003,236.2150924,0.4383,4.3573,18.781750000000002,2.9135,6.0,14.486450000000001,14.783321576763484,2.722178583649471,3.5704000000000002,3.6149087136929463,-20.39417309151918,-28.5974134449779,-28.71386959444321,75,40,115
603486.SH,,96.83,2026-03-09,2025-09-10,-34.78260869565217,科沃斯,家用电器,,22.7214,4.1978,365.58880474,362.07128659,1.1588,0.7081,26.2748,2.3427,48.0,41.17375,39.463830290456436,10.516786929995819,4.31845,4.650264730290457,-34.78260869565217,-44.81581104465831,-2.793826488670712,80,35,115
000521.SZ,,7.46,2026-03-09,2025-09-10,-16.621983914209117,长虹美菱,家用电器,,9.7471,1.0313,64.06125507,54.461056590000005,1.4225,5.3055,26.2748,2.3427,48.0,10.833,11.192579875518675,1.3243457035867625,1.3404,1.3615033195020745,-16.621983914209117,-10.024000738484267,-23.06028051327961,60,50,110
002304.SZ,,73.31,2026-03-09,2025-09-10,-30.20051834674669,洋河股份,白酒,,37.2448,1.5873,770.8479443699999,770.8297534300001,0.3482,4.528,15.7895,2.8338,13.0,15.056650000000001,22.697089004149372,12.366633713609941,2.2573,2.2454398340248964,-30.20051834674669,147.36445358031165,-29.68147787179373,70,40,110
002241.SZ,,30.930000000815998,2026-03-09,2025-09-10,-20.46556741237956,歌尔股份,元器件,,30.0013,2.4791,872.22865327,772.06290168,2.6777,1.188,45.1886,3.5744,71.0,36.3309,37.204663965884855,7.025193638612546,2.5436,2.5948326226012797,-20.46556741237956,-17.42208423132925,-2.5357760654190997,60,50,110
600415.SH,,19.4,2026-03-09,2025-09-10,-27.731958762886595,小商品城,商品城,,18.2954,3.4655,768.79500349,768.79500349,0.7115,2.3538,,,,25.35965,25.45159979253112,5.004955230483843,3.7390499999999998,3.7536116182572608,-27.731958762886595,-27.856259845857483,-7.316029472727023,65,45,110
600375.SH,,7.14,2026-03-09,2025-09-10,-24.089635854341733,汉马科技,汽车整车,,15.2413,2.598,86.88646809000001,79.27756819,1.3625,,21.4357,1.7981500000000001,14.0,36.45625,34.78128859649123,15.123533424188826,3.2394999999999996,3.1984399122807017,-24.089635854341733,-58.19290245156865,-19.80243864793949,70,35,105
600729.SH,,29.019999999314,2026-03-09,2025-09-10,-20.434183319966152,重庆百货,百货,,9.9635,1.3022,101.70061548,44.44428868,1.5587,6.5878,37.2023,1.3022,17.0,9.3385,9.412050829875517,1.2129011210516605,1.59705,1.549766804979253,-20.434183319966152,6.692723670825079,-18.462164616010774,50,55,105
601633.SH,,25.74,2026-03-09,2025-09-10,-22.222222222222218,长城汽车,汽车整车,,17.285,1.9901,1713.28602245,1243.09051667,0.1875,2.248,21.4357,1.7981500000000001,14.0,17.87625,18.868156224066393,3.3288196975390782,2.7615499999999997,2.690889211618257,-22.222222222222218,-3.3074610167121112,-27.93539859861309,60,45,105
001914.SZ,,12.41,2026-03-09,2025-09-10,-15.310233682514104,招商积余,房产服务,,12.2119,1.0286,110.74595708000001,110.74561025,1.1518,2.2957,25.8623,1.9867,5.0,14.4192,14.413126348547717,1.1750526058338269,1.1385,1.1345186721991702,-15.310233682514104,-15.308061473590767,-9.653052261747924,50,55,105
002939.SZ,,11.340000000462,2026-03-09,2025-09-10,-17.813051149732832,长城证券,证券,,15.5871,1.2022,376.0085923,335.76787760999997,0.5594,1.8026,18.9809,1.2043,48.0,20.79745,21.256660995850627,3.335263530937848,1.1259000000000001,1.1605136929460582,-17.813051149732832,-25.052830996107705,6.776800781596927,55,50,105
001283.SZ,,77.81,2026-03-09,2025-09-10,-20.79424238529752,豪鹏科技,电气设备,,32.6117,1.7837,61.59491219,49.14543649,2.636,0.5798,37.981899999999996,3.0931,92.0,50.73805,52.04554398340248,12.71264438350048,1.9871,1.9300639004149374,-20.79424238529752,-35.725357990699294,-10.236022344119572,70,35,105
000403.SZ,,17.84,2026-03-09,2025-09-10,-20.68385650224215,派林生物,生物制药,,24.0244,1.6756,134.48123012000002,133.11048368,1.1709,1.9027,26.59555,2.39415,16.0,23.78445,24.451466874999998,4.765112851319545,2.0987,2.187310416666667,-20.68385650224215,1.0088524224861217,-20.160099108972222,60,45,105
603418.SH,,79.5,2026-03-09,2025-09-23,-32.264150943396224,友升股份,汽车配件,,20.6211,2.3562,103.96735709000001,21.76746779,2.0594,,33.012,2.6005,113.0,22.19685,22.723395283018867,1.8331592344719863,2.5362999999999998,2.5858471698113203,-32.264150943396224,-7.098980260712681,-7.100895004534162,60,45,105
605050.SH,,19.860000000617998,2026-03-09,2025-09-10,-35.649546829797,福然德,仓储物流,,16.88,1.4796,62.98356933,62.98356933,1.2886,2.724,24.45795,1.8714,32.0,16.517400000000002,16.677523651452283,4.4979363392186835,1.3316,1.384600622406639,-35.649546829797,2.1952607553246692,11.114448783418455,60,45,105
003006.SZ,,29.28,2026-03-09,2025-09-10,-39.00273224043716,百亚股份,造纸,,26.1257,5.225,76.73509529,76.54313155,1.6532,3.0769,25.483249999999998,1.7033,18.0,35.4437,35.63422678185744,3.6633897880153086,7.3998,7.403720950323975,-39.00273224043716,-26.289580376766537,-29.389983513067925,85,20,105
603589.SH,,34.38,2026-03-09,2025-09-10,-23.06573589296103,口子窖,白酒,,14.5587,1.5105,158.20260034,158.20260034,0.5362,4.9187,15.7895,2.8338,13.0,13.7864,13.964343568464734,1.5708853931558728,2.1317000000000004,2.138721161825727,-23.06573589296103,5.601897522195784,-29.141061124923784,60,45,105
605333.SH,,32.32,2026-03-09,2025-09-10,-17.481435643564353,沪光股份,汽车配件,,18.8447,3.6234,123.75957627999999,116.4881808,0.4814,0.8117,33.012,2.6005,113.0,26.7671,32.17988755555555,16.55900336155116,6.4982,6.271362888888889,-17.481435643564353,-29.597528309006204,-44.239943368932934,75,30,105
600196.SH,,31.51,2026-03-09,2025-09-10,-18.375119009838155,复星医药,化学制药,,20.9239,1.4301,686.83442239,544.8753257899999,0.6416,1.2325,24.5447,2.3659999999999997,54.0,25.78335,27.267691493775942,4.912084400811607,1.42625,1.4460334024896266,-18.375119009838155,-18.84724056416253,0.2699386503067421,50,55,105
600000.SH,,13.97,2026-03-09,2025-09-10,-29.491768074445247,浦发银行,银行,,6.559,0.4451,3280.62507255,3280.62507255,0.3508,3.7827,5.9952000000000005,0.5809,42.0,6.7905,7.156998755186723,0.9875532691958879,0.471,0.48052987551867204,-29.491768074445247,-3.409174582136803,-5.49893842887473,50,55,105
600809.SH,,205.92,2026-03-09,2025-09-10,-22.707847707847705,山西汾酒,白酒,,15.7895,5.007,1941.69505574,1941.69505574,0.4164,2.2619,15.7895,2.8338,13.0,19.028950000000002,19.382308000000005,2.486857309917743,6.8068,7.000962444444445,-22.707847707847705,-17.023797949965715,-26.441205852970562,70,30,100
001391.SZ,,6.72,2026-03-09,2025-09-10,-15.327380952380942,国货航,仓储物流,,25.8763,2.6622,694.6853417,86.45124374000001,1.734,1.1424,24.45795,1.8714,32.0,36.294,37.80521228070176,9.86588140295318,3.3128,3.2456680701754386,-15.327380952380942,-28.703642475340267,-19.63897609273123,55,45,100
001386.SZ,,31.160000000844,2026-03-09,2025-10-22,-27.663671375515147,马可波罗,家居用品,,21.5099,2.259,269.334968,22.05791538,4.3532,1.331,22.223999999999997,2.02635,30.0,22.7123,23.23278021978022,1.7254245068143386,2.3582,2.4160483516483517,-27.663671375515147,-5.294047718637042,-4.206598252904765,50,50,100
600161.SH,,19.709999999814,2026-03-09,2025-09-10,-18.772196853622088,天坛生物,生物制药,,24.0536,2.7617,316.5771685,316.5771685,0.7197,1.5615,26.59555,2.39415,16.0,27.75105,31.06963091286307,6.1421156316988075,3.6064,3.7998724066390044,-18.772196853622088,-13.323640006414173,-23.42224933451642,60,40,100
002568.SZ,,25.24,2026-03-09,2025-09-10,-24.16798732171156,百润股份,红黄酒,,28.9117,4.2266,200.69219343,138.33593384,1.4356,1.5513,,,,34.94505,32.755410995850625,6.206833825596513,5.69815,5.525906639004148,-24.16798732171156,-17.265249298541573,-25.825048480647222,70,30,100
600861.SH,,20.04,2026-03-09,2025-09-10,-15.668662674650701,北京人力,文教休闲,,8.2685,1.3392,95.67304934,61.95114931,0.857,4.1361,25.1057,2.7077,16.0,10.786650000000002,13.217350829875521,7.606518671358324,1.6323500000000002,1.6363207468879668,-15.668662674650701,-23.34506079273919,-17.95877109688487,55,45,100
000877.SZ,,6.36,2026-03-09,2025-09-10,-16.50943396226416,天山股份,水泥,,19.176,0.4617,377.56710895,377.5670293,0.2803,,19.176,1.1269,11.0,24.6713,27.17695170940171,7.546276107309079,0.52485,0.5437658119658121,-16.50943396226416,-22.274059332098435,-12.032009145470141,55,45,100
601788.SH,,19.030000000704,2026-03-09,2025-09-10,-15.712033634226946,光大证券,证券,,19.833,1.1479,739.5703373,626.6344937800001,0.4091,1.3597,18.9809,1.2043,48.0,24.0259,26.72428278008299,9.371756855554912,1.3648,1.3479275933609955,-15.712033634226946,-17.451583499473493,-15.892438452520521,50,50,100
600576.SH,,8.26,2026-03-09,2025-09-10,-22.881355932203387,祥源文旅,旅游景点,,34.8772,2.2616,67.17473563,42.06684829,1.6896,,31.66735,2.2889,10.0,45.50385,47.87856431535269,13.052580288393592,2.5896999999999997,2.6204823651452283,-22.881355932203387,-23.353298676925135,-12.6694211684751,65,35,100
601728.SH,,7.29,2026-03-09,2025-09-10,-17.558299039780525,中国电信,电信运营,,15.9469,1.2005,5499.579035809999,4665.54669481,0.2528,4.5574,,,,18.2819,18.91498651452282,1.9210087172014927,1.3583,1.3739896265560168,-17.558299039780525,-12.772195450144682,-11.617463005227133,50,50,100
000550.SZ,,21.03,2026-03-09,2025-09-10,-15.454113171659534,江铃汽车,汽车整车,,12.9191,1.3117,153.4794492,92.18274985,0.6847,4.0045,21.4357,1.7981500000000001,14.0,13.0677,13.368226556016598,1.8344021279159213,1.7238,1.7695512448132782,-15.454113171659534,-1.1371549698875858,-23.90648567119155,50,50,100
603363.SH,,5.19,2026-03-09,2025-09-10,-15.02890173410405,傲农生物,饲料,,6.3341,3.4349,114.79061653,93.90699031,6.1099,,30.1541,2.1334,11.0,8.5518,7.979319024390243,1.2408076707385998,3.4615,3.611964390243902,-15.02890173410405,-25.93255221123038,-0.7684529828109253,55,45,100
000997.SZ,,27.47,2026-03-09,2025-09-10,-16.59992719330178,新大陆,IT设备,,20.9289,3.2301,232.10073232999997,230.80436219,1.2311,0.9531,38.70145,3.3284000000000002,16.0,23.5508,22.70411368653422,5.348893941463475,3.6235,3.447453421633554,-16.59992719330178,-11.13295514377431,-10.856906306057672,50,45,95
000661.SZ,,121.95,2026-03-09,2025-09-10,-25.986059860598605,长春高新,生物制药,,38.3925,1.6004,368.20441368,360.69210907999997,1.2544,2.8366,26.59555,2.39415,16.0,11.722349999999999,18.544443983402488,11.772122001773132,1.80735,1.8504695020746884,-25.986059860598605,227.51538727302975,-11.450466152101141,50,45,95
603983.SH,,39.709999998252,2026-03-09,2025-09-10,-29.74061948821926,丸美生物,日用化工,,32.268,3.471,111.879,111.879,0.5533,2.6882,32.65235,3.7604,6.0,40.7313,41.45328755186722,6.270448422489117,4.0258,4.060275933609958,-29.74061948821926,-20.778369460341302,-13.781111828704857,65,30,95
600048.SH,,7.83,2026-03-09,2025-09-10,-18.90166028097063,保利发展,全国地产,,74.1136,0.4053,760.1231570399999,760.1231570399999,1.4616,2.6537,,,,18.0268,21.11300366197183,17.837947949882764,0.5336,0.5439115492957747,-18.90166028097063,311.13009519160363,-24.04422788605697,50,45,95
002959.SZ,,55.75,2026-03-09,2025-09-10,-24.771300448430498,小熊电器,家用电器,,18.4869,2.3531,65.35657913,63.1274568,0.5253,2.3701,26.2748,2.3427,48.0,21.5549,21.999567219917015,3.828553509423074,2.669,2.7408655601659753,-24.771300448430498,-14.233422562851144,-11.835893593106036,60,35,95
603605.SH,,80.839999998316,2026-03-09,2025-09-10,-17.24393864251161,珀莱雅,日用化工,,16.7824,4.9973,264.90794266,264.90794266,0.8304,2.9593,32.65235,3.7604,6.0,22.6914,23.029311899313498,4.71309813447367,6.7534,6.94290709382151,-17.24393864251161,-26.040702645054964,-26.003198388959635,65,30,95
002217.SZ,,3.61,2026-03-09,2025-09-10,-27.97783933518005,合力泰,元器件,,7.0321,10.3885,194.46437213000002,189.26238217,3.3748,,45.1886,3.5744,71.0,8.5394,8.759365957446807,0.6016384897047162,8.726,8.945429787234044,-27.97783933518005,-17.651123029721067,19.052257620903042,60,35,95
601098.SH,,12.850000000285,2026-03-09,2025-09-10,-16.108949418203036,中南传媒,出版业,,12.2246,1.2432,193.6088,193.6088,0.4858,5.102,15.202,1.2851,19.0,13.977350000000001,14.268918879668048,1.660232542574215,1.5189,1.5102564315352698,-16.108949418203036,-12.539930673554004,-18.151293699387704,50,45,95
601658.SH,,6.13,2026-03-09,2025-09-10,-18.923327895595435,邮储银行,银行,,6.8431,0.5975,5968.7241585500005,3335.98304144,0.2602,4.288,5.9952000000000005,0.5809,42.0,6.1608,6.597983609958507,0.9965616233782373,0.6389,0.6506470954356847,-18.923327895595435,11.07486040773925,-6.479887306307715,40,55,95
000858.SZ,,125.479999998028,2026-03-09,2025-09-10,-19.094676441189478,五粮液,白酒,,13.859,2.9743,3940.60844668,3940.44246858,0.458,5.661,15.7895,2.8338,13.0,15.598749999999999,16.01528755186722,1.6482879261006342,3.6300499999999998,3.72961908713693,-19.094676441189478,-11.153137270614627,-18.06448946984201,50,45,95
603300.SH,,10.03,2026-03-09,2025-09-10,-26.719840478564304,海南华铁,多元金融,,22.6332,2.2523,146.59610427,146.59610427,3.8341,0.3421,22.6332,1.6435,13.0,22.21255,21.826701250000003,8.354420476449949,2.24805,2.4356318749999994,-26.719840478564304,1.8937492543629544,0.18905273459219613,50,45,95
000963.SZ,,41.940000001022,2026-03-09,2025-09-10,-17.93037673065987,华东医药,化学制药,,16.3247,2.502,603.63622308,603.38710833,0.5538,2.7024,24.5447,2.3659999999999997,54.0,19.26045,19.163179045643147,1.539430209166599,2.8108,2.8220234439834027,-17.93037673065987,-15.242374918550702,-10.98619610075424,50,45,95
600882.SH,,26.06,2026-03-09,2025-09-10,-20.03069838833461,妙可蓝多,乳制品,,51.974,2.2997,106.29518003,106.29518003,0.9422,,35.114,2.8365,9.0,81.26585,78.97866768867927,12.415599415115372,2.32175,2.3621393867924527,-20.03069838833461,-36.04447624678755,-0.949714654893943,70,25,95
002605.SZ,,29.71,2026-03-09,2025-09-10,-22.113766408616627,姚记科技,互联网,,19.1346,2.6254,96.6445217,78.03917424,2.5481,2.154,28.406,3.6488,14.0,21.3213,21.72524439834025,4.322943813502356,3.1523,3.1307114107883818,-22.113766408616627,-10.255941241856743,-16.71477968467468,60,35,95
002550.SZ,,10.02,2026-03-09,2025-09-10,-24.750499001996005,千红制药,生物制药,,22.4582,3.5079,96.49691999999999,70.96950957,1.389,1.5542,26.59555,2.39415,16.0,26.8903,27.803756224066394,4.575898052550041,3.2358000000000002,3.5449346473029046,-24.750499001996005,-16.48215155650922,8.409048766920067,60,35,95
002020.SZ,,19.62,2026-03-09,2025-09-10,-21.712538226299703,京新药业,化学制药,,18.5604,2.3402,132.2540759,111.20153626000001,1.6527,2.1538,24.5447,2.3659999999999997,54.0,16.048000000000002,17.64614190871369,3.74084030192664,1.9745,2.193079045643154,-21.712538226299703,15.655533399800595,18.521144593567985,50,45,95
600480.SH,,13.58000000028,2026-03-09,2025-09-10,-20.324005892659002,凌云股份,汽车配件,,17.8018,1.6972,132.251175,130.29032678000002,1.0743,3.0572,33.012,2.6005,113.0,19.2085,18.024630912863074,4.781298289850447,1.8113000000000001,1.6756539419087135,-20.324005892659002,-7.323320405029027,-6.299343013305365,50,45,95
002124.SZ,,3.09,2026-03-09,2025-09-10,-18.12297734627832,天邦食品,农业综合,,14.9241,1.4285,56.21492595,49.90057259,3.516,,29.95825,2.1818,18.0,7.0374,10.124353097345134,4.616633186440734,1.6716,1.6785694690265487,-18.12297734627832,112.06837752579078,-14.542952859535765,40,50,90
002765.SZ,,12.99,2026-03-09,2025-09-10,-15.396458814472672,蓝黛科技,元器件,,37.4816,2.7268,71.66887709,65.48777689,2.0037,,45.1886,3.5744,71.0,53.714150000000004,53.339642500000004,12.162800216024376,3.3385499999999997,3.232547500000001,-15.396458814472672,-30.22024922669353,-18.323823216665915,60,30,90
603613.SH,,31.85,2026-03-09,2025-09-10,-18.398744113029835,国联股份,互联网,,13.046,2.1098,187.26777760000002,187.26777760000002,1.0935,0.2533,28.406,3.6488,14.0,12.20565,12.239975103734439,1.7369311515668244,2.3046499999999996,2.332156431535269,-18.398744113029835,6.8849262431742595,-8.454646041698295,40,50,90
601162.SH,,5.48,2026-03-09,2025-09-10,-27.73722627737227,天风证券,证券,,60.4597,1.4678,398.92981527,340.47963076999997,1.1369,,18.9809,1.2043,48.0,67.0248,75.06057142857144,13.1295850737306,1.5457,1.5897361344537817,-27.73722627737227,-9.795031092968575,-5.039787798408494,50,40,90
002368.SZ,,26.51,2026-03-09,2025-09-10,-21.953979630328178,太极股份,软件服务,,57.718,2.4861,128.94655307,128.36690907000002,1.4338,0.4471,53.08095,3.7054,22.0,68.2629,62.61035601659751,19.150441958911482,2.9207,2.891265767634854,-21.953979630328178,-15.447483186328148,-14.879994521861201,60,30,90
603352.SH,,55.68,2026-03-09,2026-01-16,-28.969109195402304,至信股份,汽车配件,,38.4619,3.1213,89.64666679999999,17.569048130000002,3.9948,,33.012,2.6005,113.0,43.0131,43.40712258064515,3.675453553754486,3.4906,3.5225774193548394,-28.969109195402304,-10.580962543969166,-10.579843006932904,60,30,90
002773.SZ,,38.96,2026-03-09,2025-09-10,-28.64476386036961,康弘药业,化学制药,,20.4832,2.7942,256.12722521,190.93986006,0.847,2.1578,24.5447,2.3659999999999997,54.0,18.42225,20.022192323651453,5.054941397778231,2.62745,2.8044632780082988,-28.64476386036961,11.187287112052013,6.346457591961786,50,40,90
600211.SH,,54.63,2026-03-09,2025-09-10,-23.796448837634998,西藏药业,生物制药,,13.6753,3.7782,134.18148129,134.18148129,0.7722,3.865,26.59555,2.39415,16.0,14.31445,14.192423029045644,1.6190665773399846,3.33385,3.448228008298755,-23.796448837634998,-4.465068514682721,13.32843409271563,50,40,90
002755.SZ,,21.74,2026-03-09,2025-09-10,-33.21067157313708,奥赛康,化学制药,,52.5229,4.2052,134.76888297,134.76760884,0.692,0.8264,24.5447,2.3659999999999997,54.0,75.2684,75.42526254545453,11.574489227639607,4.9321,4.937618909090908,-33.21067157313708,-30.21918892921864,-14.738143995458335,80,10,90
002422.SZ,,37.749999999224,2026-03-09,2025-09-10,-15.496688739984787,科伦药业,化学制药,,30.6058,2.1686,509.77902566999995,416.5771571,1.1445,1.9628,24.5447,2.3659999999999997,54.0,19.9404,21.867880912863072,5.286474886239089,2.3430999999999997,2.3392311203319496,-15.496688739984787,53.486389440532776,-7.447398745252003,40,50,90
002120.SZ,,8.01,2026-03-09,2025-09-10,-15.48064918851436,韵达股份,仓储物流,,15.8797,0.9643,196.27591251,190.58427785,1.0598,2.9467,24.45795,1.8714,32.0,12.3635,13.140583609958504,2.1269823663632486,1.0853000000000002,1.0979147302904566,-15.48064918851436,28.44016661948477,-11.148991062379073,40,50,90
600779.SH,,46.66,2026-03-09,2025-09-10,-22.653236176596643,水井坊,白酒,,32.4599,3.4953,175.93990416,175.93990416,0.563,2.6719,15.7895,2.8338,13.0,17.1028,19.955045850622405,7.519078816734087,4.39235,4.48103112033195,-22.653236176596643,89.79289940828401,-20.423008184684747,60,30,90
600104.SH,,18.85,2026-03-09,2025-09-10,-25.99469496021221,上汽集团,汽车整车,,56.0733,0.5426,1603.59121181,1603.59121181,0.5193,0.627,21.4357,1.7981500000000001,14.0,19.6047,33.41454356435643,28.40953653515516,0.6025,0.6066561881188118,-25.99469496021221,186.0196789545364,-9.941908713692957,50,40,90
600521.SH,,24.62,2026-03-09,2025-09-10,-35.78391551584078,华海药业,化学制药,,50.5728,2.5536,236.7155627,236.7155627,1.0261,1.5739,24.5447,2.3659999999999997,54.0,27.2329,31.107601867219923,12.688544117915317,3.0067000000000004,3.019570746887967,-35.78391551584078,85.70479089630557,-15.06967771975922,60,30,90
002901.SZ,,55.74,2026-03-09,2025-09-10,-20.66738428417654,大博医疗,医疗保健,,33.8051,5.4871,183.07942555,127.5642632,0.61,1.1105,20.9523,2.314,19.0,48.7044,53.390672941176476,16.26006728105749,5.08725,5.430595294117648,-20.66738428417654,-30.59128128054138,7.859845692663027,70,20,90
002558.SZ,,43.83000000002399,2026-03-09,2025-09-10,-21.629021218386498,巨人网络,互联网,,37.5278,4.3807,664.58683488,664.58683488,3.2342,0.8249,28.406,3.6488,14.0,23.9583,29.048180705394188,12.637941946608363,2.23095,3.0627585062240663,-21.629021218386498,56.63799184416255,96.3602949416168,50,35,85
603367.SH,,20.990000000022,2026-03-09,2025-09-10,-19.437827537006783,辰欣药业,化学制药,,15.5359,1.2618,76.56072321,76.56072321,1.0447,2.4128,24.5447,2.3659999999999997,54.0,13.0161,14.784629668049794,4.350627075987493,1.14115,1.2544414937759336,-19.437827537006783,19.3591014205484,10.57266792270954,40,45,85
002867.SZ,,14.109999999311999,2026-03-09,2025-09-10,-15.733522320483665,周大生,服饰,,12.4477,2.1549,129.06284588,128.30461,0.7678,7.5694,18.6031,1.7297,27.0,13.6278,13.586532780082988,2.014326538654703,2.3779500000000002,2.414579668049792,-15.733522320483665,-8.659504835703498,-9.379928089320641,40,45,85
002024.SZ,,1.91,2026-03-09,2025-09-10,-20.942408376963346,ST易购,电器连锁,,165.1181,1.1114,139.89799103000001,139.7420639,0.2284,,,,,24.6484,25.398594405594405,1.7575064776101739,1.3953,1.384560839160839,-20.942408376963346,569.8937862092469,-20.34687880742493,60,25,85
600559.SH,,17.88,2026-03-09,2025-09-10,-18.00894854586129,老白干酒,白酒,,21.2476,2.5422,134.10197528999998,133.33408448999998,0.8629,3.7517,15.7895,2.8338,13.0,22.5396,22.964378630705394,3.207358314722984,3.3284000000000002,3.35901908713693,-18.00894854586129,-5.732133666968365,-23.620959019348646,50,35,85
002891.SZ,,55.92,2026-03-09,2025-09-10,-21.13733905579399,中宠股份,饲料,,30.1541,4.6416,134.23055732,134.23055732,1.9836,0.7911,30.1541,2.1334,11.0,34.81385,33.280873236514516,7.43403146057708,4.88195,4.715234854771784,-21.13733905579399,-13.384759226572191,-4.923237640696841,60,25,85
600928.SH,,4.42,2026-03-09,2025-09-10,-16.7420814479638,西安银行,银行,,6.1379,0.474,163.55555558,162.77942963,0.4649,2.7174,5.9952000000000005,0.5809,42.0,6.3356,6.338791908713692,0.3828756788898067,0.4941,0.4923927385892116,-16.7420814479638,-3.1204621503882852,-4.0680024286581675,40,45,85
603517.SH,,16.13,2026-03-09,2025-09-10,-26.968381897086175,ST绝味,食品,,103.5634,1.1184,71.38702806,71.38702806,0.5913,2.8014,25.297,2.4293,49.0,30.4923,38.482972405063286,18.59501708301002,1.5239,1.5522893670886078,-26.968381897086175,239.6378757915933,-26.609357569394316,60,25,85
600660.SH,,68.80999999664199,2026-03-09,2025-09-10,-15.927917449755633,福耀玻璃,汽车配件,,16.6215,4.5577,1509.73663326,1158.7275930600001,0.7918,4.6672,33.012,2.6005,113.0,19.80555,19.900041078838175,1.676820802926821,4.4868,4.474539004149378,-15.927917449755633,-16.07655429917371,1.5801907818489787,50,35,85
000712.SZ,,14.32,2026-03-09,2025-09-10,-21.298882681564248,锦龙股份,证券,,63.5475,3.9812,100.9792,100.94923589,6.084,,18.9809,1.2043,48.0,70.93414999999999,71.47654404761906,3.393845831577858,4.443949999999999,4.477925000000001,-21.298882681564248,-10.41339044733741,-10.413033449971296,60,25,85
002032.SZ,,51.37,2026-03-09,2025-09-10,-15.982090714424766,苏泊尔,家用电器,,16.5024,5.4965,346.0091636,345.7898193,0.1537,6.4701,26.2748,2.3427,48.0,18.6193,18.699764522821578,1.3481551232201525,7.5882000000000005,7.632634647302905,-15.982090714424766,-11.36938553006825,-27.565166969768857,60,25,85
605133.SH,,43.19,2026-03-09,2025-09-10,-34.40611252604769,嵘泰股份,汽车配件,,43.2483,2.1269,80.10850076,79.92406113,1.6048,0.4073,33.012,2.6005,113.0,35.61685,39.48173008298755,15.768835277084648,2.01605,2.053248962655602,-34.40611252604769,21.426515820461386,5.49837553632103,60,25,85
601137.SH,,24.9,2026-03-09,2025-09-10,-18.87550200803213,博威合金,小金属,,16.3185,1.8116,185.48735668,185.34999668,2.7406,2.1907,45.376599999999996,3.4431000000000003,20.0,11.3002,12.15301307053942,2.6340730567804433,1.8978000000000002,1.915783402489627,-18.87550200803213,44.40894851418559,-4.542101380545898,40,45,85
603658.SH,,41.31,2026-03-09,2025-09-10,-15.468409586056644,安图生物,医疗保健,,18.1766,2.2814,199.54152899,199.54152899,0.3314,3.6082,20.9523,2.314,19.0,19.464399999999998,20.3183887966805,2.667927449181218,2.8737500000000002,2.940902282157676,-15.468409586056644,-6.616181336182966,-20.612440191387563,50,35,85
601865.SH,,18.55,2026-03-09,2025-09-10,-16.38814016172507,福莱特,玻璃,,104.2663,1.6743,363.38073872,294.84902822,1.2525,,42.4458,3.3649,5.0,22.3315,28.299540924092412,22.269897002128367,2.1874,2.250043234323432,-16.38814016172507,366.9023576562255,-23.457072323306207,50,35,85
002101.SZ,,14.43,2026-03-09,2025-09-10,-19.26541926541926,广东鸿图,汽车配件,,21.6137,0.9901,77.39983184,77.14772118,1.0721,2.6867,33.012,2.6005,113.0,21.2256,20.93339979253112,2.7434008025042256,1.06175,1.0588807053941909,-19.26541926541926,1.8284524347957254,-6.748292912644219,40,45,85
002423.SZ,,13.08,2026-03-09,2025-09-10,-16.51376146788991,中粮资本,多元金融,,26.2646,1.1274,251.60832879,251.60832879,0.6759,1.4469,22.6332,1.6435,13.0,26.15535,23.991286307053944,6.839491360619962,1.2678500000000001,1.2406838174273858,-16.51376146788991,0.4176965706824912,-11.077808889064176,40,45,85
600436.SH,,201.79999999584,2026-03-09,2025-09-10,-22.14073339780033,片仔癀,中成药,,39.1762,6.55,947.93200035,947.93200035,0.2311,2.0494,21.885,2.2571,39.0,41.7867,42.274308136482944,1.963626859320311,8.5419,8.388658267716535,-22.14073339780033,-6.247203057432153,-23.31916786663389,60,25,85
002965.SZ,,43.4,2026-03-09,2025-09-10,-23.73271889400921,祥鑫科技,汽车配件,,35.2983,2.0593,87.84089883,66.00855258,2.5136,1.2433,33.012,2.6005,113.0,26.046599999999998,26.101781950207464,10.779537338558372,2.25025,2.1341522821576757,-23.73271889400921,35.51979912925295,-8.485723808465725,50,35,85
600603.SH,,9.29,2026-03-09,2025-09-10,-17.86867599569429,广汇物流,区域地产,,22.466,1.2462,91.05101422,91.05101422,5.7461,,32.356700000000004,1.0937999999999999,10.0,19.10935,18.958462708333332,7.043433393092316,1.26095,1.2782002083333333,-17.86867599569429,17.565484958933727,-1.1697529640350561,40,45,85
603406.SH,,43.950000001145,2026-03-09,2025-09-10,-15.904436862259141,天富龙,化纤,,32.64,3.3152,147.843696,13.550475889999998,2.6411,1.3528,32.64,1.7655,15.0,37.82825,37.75704855072464,3.16775881881733,3.701,3.773928985507246,-15.904436862259141,-13.715278925141916,-10.424209673061338,50,35,85
600276.SH,,70.32,2026-03-09,2025-09-10,-21.87144482366325,恒瑞医药,化学制药,,48.8272,6.1281,3646.47761078,3504.62384934,0.6682,0.3636,24.5447,2.3659999999999997,54.0,55.815349999999995,56.630713278008294,5.359832859950094,6.7903,6.851552074688798,-21.87144482366325,-12.520122152776967,-9.752146444192455,60,20,80
600085.SH,,35.19,2026-03-09,2025-09-10,-15.203182722364303,同仁堂,中成药,,30.2301,2.9952,409.24672618,409.24672618,0.3542,1.6756,21.885,2.2571,39.0,32.53745,32.33921452282158,2.131282320833733,3.8444000000000003,3.8929450207468874,-15.203182722364303,-7.091367024766844,-22.08927270835501,50,30,80
001233.SZ,,81.519999996096,2026-03-09,2025-11-25,-17.603042194287568,海安集团,汽车配件,,19.5331,2.7328,124.91828844999999,23.76872246,7.3527,2.9775,33.012,2.6005,113.0,20.3793,20.582768656716418,2.4411729348700617,2.798,2.794329850746269,-17.603042194287568,-4.152252530754244,-2.330235882773407,40,40,80
603848.SH,,28.76,2026-03-09,2025-09-10,-42.698191933240615,好太太,家居用品,,32.9491,2.6481,66.31659301,66.31659301,0.3974,1.2136,22.223999999999997,2.02635,30.0,22.03465,26.85521141078838,11.135565159729643,2.5408,2.7395968879668056,-42.698191933240615,49.533121696963654,4.223079345088159,60,20,80
605300.SH,,14.19,2026-03-09,2025-09-10,-21.141649048625794,佳禾食品,乳制品,,186.3711,1.7757,50.847203,50.847203,0.5585,0.5308,35.114,2.8365,9.0,24.2536,30.4714295620438,10.866291147199965,2.3051500000000003,2.340166423357664,-21.141649048625794,668.4265428637399,-22.968136563781105,60,20,80
003019.SZ,,40.42,2026-03-09,2025-09-10,-24.666006927263737,宸展光电,元器件,,29.6899,3.2293,53.82723143,52.0284738,1.6174,1.6385,45.1886,3.5744,71.0,25.16165,26.602602282157683,6.943657395299714,3.26485,3.3078834024896264,-24.666006927263737,17.996633766068598,-1.0888708516470953,50,30,80
603382.SH,,40.220000000889996,2026-03-09,2025-09-10,-26.9766285446293,海阳科技,化纤,,38.6357,3.0707,53.233526780000005,10.64671898,2.0558,0.681,32.64,1.7655,15.0,40.2932,38.9801374301676,4.377173807467795,3.3666,3.4710072625698323,-26.9766285446293,-4.1135973315596654,-8.789282956098141,50,30,80
603193.SH,,28.729999998623,2026-03-09,2025-09-10,-22.13713887548844,润本股份,日用化工,,29.643,4.166,90.50752434,23.11633344,1.5993,1.9222,32.65235,3.7604,6.0,33.370850000000004,35.43266784232365,6.596664787629935,4.8012999999999995,5.067178630705393,-22.13713887548844,-11.170977065313,-13.231833045216904,60,20,80
603508.SH,,32.4,2026-03-09,2025-09-10,-19.783950617283953,思维列控,IT设备,,16.0566,2.5768,99.09321058,99.09321058,0.8319,12.6521,38.70145,3.3284000000000002,16.0,18.0944,18.051607966457023,1.3386510012119097,2.0498,2.1984245283018864,-19.783950617283953,-11.26204792643028,25.709825348814526,50,30,80
002675.SZ,,15.88,2026-03-09,2025-09-10,-20.52896725440807,东诚药业,化学制药,,62.6614,2.3796,104.06397797,93.81506004,1.1736,0.2377,24.5447,2.3659999999999997,54.0,69.2652,66.62872060301508,15.761603949411793,2.55495,2.5248821608040197,-20.52896725440807,-9.534080606134095,-6.863148006810306,50,30,80
600702.SH,,66.68,2026-03-09,2025-09-10,-25.76484703059389,舍得酒业,白酒,,110.6251,2.3234,164.71564511,164.64634511,1.1897,0.8587,15.7895,2.8338,13.0,15.5176,20.554076512455516,17.36668780038433,2.8793,2.9776839857651245,-25.76484703059389,612.9008351806981,-19.30677595248846,50,30,80
603883.SH,,17.16000000085,2026-03-09,2025-09-10,-17.30769231178838,老百姓,医药商业,,25.7893,1.6116,107.68652449000001,107.68652449000001,1.0915,1.5513,24.95345,1.215,20.0,20.302950000000003,22.356106431535267,7.9898551568617355,1.9843,2.050954564315352,-17.30769231178838,27.02242777527402,-18.78244217104269,40,40,80
603383.SH,,42.33999999795,2026-03-09,2025-09-10,-23.16957959004482,顶点软件,软件服务,,34.0803,4.7078,66.80980789,66.80892958,1.5474,2.4593,53.08095,3.7054,22.0,38.0767,36.56271473029046,6.1160147308686685,5.5266,5.454320539419088,-23.16957959004482,-10.495657449306272,-14.815619006260638,60,20,80
002676.SZ,,10.64,2026-03-09,2025-09-10,-31.484962406015043,顺威股份,家用电器,,74.7568,4.0255,52.488,52.48628386,1.526,0.1372,26.2748,2.3427,48.0,84.31649999999999,83.03348388625594,9.525075536245819,3.45505,3.5122402843601903,-31.484962406015043,-11.337875741995925,16.510614897034777,70,10,80
603376.SH,,64.45,2026-03-09,2025-11-06,-44.85647788983709,大明电子,汽车配件,,50.3944,8.4445,142.16035540000001,11.03076197,2.6923,,33.012,2.6005,113.0,54.2583,54.46248571428572,1.8448680331646918,9.091999999999999,9.126214285714287,-44.85647788983709,-7.121306786242844,-7.121645402551685,60,15,75
603173.SH,,51.33,2026-03-09,2025-09-10,-16.150399376582893,福斯达,机械基件,,17.2853,3.6365,68.864,68.864,2.0306,1.1502,38.98825,3.16925,30.0,16.36225,16.926900000000003,2.3537135676952277,2.5486,2.949553112033195,-16.150399376582893,5.641339057892405,42.686180648199006,40,35,75
603809.SH,,14.45,2026-03-09,2025-09-10,-17.85467128027682,豪能股份,汽车配件,,31.7551,2.9905,109.23828139,109.23828139,1.4922,1.1739,33.012,2.6005,113.0,32.4774,30.058383402489625,7.915032499866588,3.2070499999999997,3.1043112033195017,-17.85467128027682,-2.224008079464502,-6.752311314136038,40,35,75
603200.SH,,104.11,2026-03-09,2025-09-10,-31.553164921717407,上海洗霸,环境保护,,109.6802,11.5197,125.0471214,125.0471214,1.8408,0.1263,23.593449999999997,1.64255,30.0,78.12190000000001,77.23892523809523,13.337607421524286,3.9832,4.0296842857142865,-31.553164921717407,40.39622692228426,189.20717011448082,60,15,75
603039.SH,,55.510000002435994,2026-03-09,2025-09-10,-21.455593590187956,泛微网络,软件服务,,51.5739,5.3885,111.77555637999998,111.77555637999998,3.0235,0.3463,53.08095,3.7054,22.0,62.671,61.24292599580713,16.32926441693269,6.293,6.13595429769392,-21.455593590187956,-17.706913883614426,-14.373112982679176,60,15,75
002392.SZ,,9.17,2026-03-09,2025-09-10,-16.030534351145036,北京利尔,其他建材,,25.7034,1.5894,91.6677946,88.07886649,1.4028,0.4195,26.5632,2.1547,10.0,15.354,18.208052074688798,7.534147072392922,1.0972,1.2007850622406637,-16.030534351145036,67.40523642047674,44.85964272694131,40,35,75
605499.SH,,297.04,2026-03-09,2025-09-10,-20.603285752760574,东鹏饮料,软饮料,,30.4082,7.1821,1331.95050208,1226.3986592,0.4615,2.1201,30.4082,4.2133,7.0,33.38275,32.700022222222216,2.0992958115003693,8.259,8.033433333333333,-20.603285752760574,-8.910440272296324,-13.039108850950479,50,25,75
601177.SH,,18.99,2026-03-09,2025-09-10,-15.74512901527119,杭齿前进,机械基件,,25.2068,2.3386,65.276,64.0096,1.2802,0.375,38.98825,3.16925,30.0,26.0733,22.95298651452282,7.730820070643336,2.408,2.067593153526971,-15.74512901527119,-3.323323092972499,-2.882059800664448,40,35,75
603590.SH,,52.17,2026-03-09,2025-09-10,-23.864289821736634,康辰药业,生物制药,,110.5703,1.9791,63.15896146,62.846365060000004,1.1754,1.5125,26.59555,2.39415,16.0,31.3527,30.28665437956204,4.8807284524163155,1.2516,1.294461313868613,-23.864289821736634,252.66595859367777,58.125599232981784,50,25,75
002027.SZ,,8.130000000239999,2026-03-09,2025-09-10,-17.958179584217707,分众传媒,广告包装,,17.7474,6.7358,963.29472172,963.29472172,0.8763,5.6972,42.4467,2.1372,18.0,19.595399999999998,19.65082406639004,1.8122041958238015,6.2823,6.361464522821576,-17.958179584217707,-9.430784776018857,7.218693790490743,40,35,75
601579.SH,,23.1,2026-03-09,2025-09-10,-24.848484848484855,会稽山,红黄酒,,41.654,2.2879,83.2348478,83.2348478,1.2236,2.2609,,,,31.3991,37.98969585062242,11.192029981418578,1.55835,1.976927178423237,-24.848484848484855,32.65985330789737,46.815542079763866,50,25,75
603109.SH,,31.03,2026-03-09,2025-09-10,-18.466000644537544,神驰机电,电气设备,,23.1714,2.6571,52.83863508,52.83863508,1.1615,1.168,37.981899999999996,3.0931,92.0,21.4922,21.21915954356846,4.723202049576637,2.1844,2.3545744813278007,-18.466000644537544,7.813067066191446,21.639809558688867,40,35,75
001380.SZ,,26.0,2026-03-09,2025-09-10,-15.307692307692308,华纬科技,汽车配件,,21.494,3.2162,59.6420966,19.378448430000002,1.995,0.9205,33.012,2.6005,113.0,22.133000000000003,22.092349585062237,3.149174141637032,3.12235,2.9716099585062237,-15.307692307692308,-2.887091673067378,3.005748875046046,40,35,75
603583.SH,,41.24,2026-03-09,2025-09-10,-18.501454898157135,捷昌驱动,电气设备,,35.1511,2.7423,129.65761798,128.47320158,1.4215,0.8872,37.981899999999996,3.0931,92.0,36.9604,36.32002136929461,9.2003221935526,2.859,2.6247091286307054,-18.501454898157135,-4.895239229012674,-4.081846799580266,40,35,75
603444.SH,,465.74999999191,2026-03-09,2025-09-10,-18.196457325471194,吉比特,互联网,,18.2795,5.5445,274.47659481,274.47659481,2.0137,4.209,28.406,3.6488,14.0,17.4268,18.800487551867217,6.332058691270888,3.504,4.264035269709544,-18.196457325471194,4.8930383088117075,58.233447488584474,40,35,75
601136.SH,,21.319999999578002,2026-03-09,2025-09-10,-17.823639773232728,首创证券,证券,,46.0998,3.5566,478.88008176,478.88008176,0.3797,1.113,18.9809,1.2043,48.0,59.4883,62.216378435517974,10.285948776568693,4.2508,4.288511627906977,-17.823639773232728,-22.50610624274017,-16.3310435682695,55,20,75
601086.SH,,13.2,2026-03-09,2025-09-10,-30.909090909090914,国芳集团,百货,,72.855,3.8199,60.7392,60.7392,0.9228,0.8697,37.2023,1.3022,17.0,47.9267,48.35123879310346,23.279735833127305,2.0471,2.5228591954022987,-30.909090909090914,52.01338710989909,86.60055688535002,60,15,75
603275.SH,,51.8,2026-03-09,2025-09-10,-16.119691119691108,众辰科技,电器仪表,,33.3368,2.2091,64.64136925999999,18.04737592,5.1089,0.388,35.7337,3.2066,11.0,28.227249999999998,29.354033195020747,6.297278770940458,2.0541,2.109068049792531,-16.119691119691108,18.101479952882407,7.5458838420719445,40,35,75
000009.SZ,,10.98,2026-03-09,2025-09-10,-17.304189435336976,中国宝安,电气设备,,332.2905,2.3238,234.19262802,233.90265822,1.1581,0.3304,37.981899999999996,3.0931,92.0,47.9304,52.59845816618911,18.781086711064734,2.2486,2.3142822349570205,-17.304189435336976,593.2771268339092,3.344303121942529,40,35,75
000062.SZ,,30.789999999273,2026-03-09,2025-09-10,-23.546606039117197,深圳华强,元器件,,79.9903,3.693,246.20705440000003,245.97628659999998,0.8557,2.4639,45.1886,3.5744,71.0,75.18244999999999,60.9435602484472,29.70990014941269,3.5854,2.9833863354037264,-23.546606039117197,6.394909982316374,3.0010598538517357,50,25,75
002097.SZ,,13.93,2026-03-09,2025-09-10,-20.38765254845657,山河智能,工程机械,,88.393,2.5389,119.17505458,118.96233452000001,2.0995,0.1803,25.36325,2.6539,20.0,94.8491,94.7905494949495,3.265519570634773,2.6992,2.4274323232323227,-20.38765254845657,-6.806706652988806,-5.938796680497922,50,25,75
600605.SH,,34.76,2026-03-09,2025-09-10,-21.202531645569614,汇通能源,房产服务,,245.9272,3.9744,56.5007573,56.5007573,0.8725,0.5111,25.8623,1.9867,5.0,79.4582,77.46756753623187,12.295668215676185,5.1775,5.0459771014492745,-21.202531645569614,209.50512344855534,-23.237083534524388,60,15,75
605228.SH,,16.739999999424,2026-03-09,2025-09-10,-23.058542410733672,神通科技,汽车配件,,95.3445,2.8512,61.715205090000005,61.455029090000004,1.8135,0.1853,33.012,2.6005,113.0,79.5103,75.3658061302682,18.166128902638285,2.7371,2.8553942528735634,-23.058542410733672,19.9146525670259,4.168645646852512,50,20,70
600592.SH,,28.469999999585003,2026-03-09,2025-09-10,-22.058306988677707,龙溪股份,机械基件,,115.656,3.4861,88.6609374,88.6609374,1.73,0.3831,38.98825,3.16925,30.0,30.012,44.45889417721519,25.065105271722466,1.7247,2.4445744303797468,-22.058306988677707,285.3658536585366,102.12790630254538,50,20,70
000837.SZ,,14.41999999953,2026-03-09,2025-09-10,-18.6546463218979,秦川机床,机床制造,,265.7,2.4692,120.01500667999998,118.16841143,1.4568,0.2558,50.8634,3.9538,5.0,64.6009,64.60962666666666,2.196820239237566,2.0976,2.09786,-18.6546463218979,311.2945794872827,17.715484363081615,40,30,70
000810.SZ,,13.5,2026-03-09,2025-09-10,-18.51851851851852,创维数字,家用电器,,126.2938,1.9617,126.52151369,122.16667925,1.1102,0.4511,26.2748,2.3427,48.0,37.5624,44.79315746478874,27.692560074642895,2.1123,2.0681109859154936,-18.51851851851852,236.22398994739427,-7.129669081096428,40,30,70
000032.SZ,,22.59,2026-03-09,2025-09-10,-15.272244355909692,深桑达Ａ,建筑工程,,147.6562,3.1779,232.58532012999999,217.80539739,2.1241,0.5871,20.3813,1.37705,52.0,48.8325,58.47459291784703,20.946099652337665,3.4694,3.4374144475920674,-15.272244355909692,202.3728049966723,-8.402029169308804,40,30,70
002052.SZ,,15.63,2026-03-09,2025-09-10,-26.359564939219453,同洲电子,家用电器,,27.4247,26.02,86.60580878,79.34846154,2.1839,,26.2748,2.3427,48.0,,,,,,-26.359564939219453,0.0,0.0,50,20,70
000676.SZ,,9.85,2026-03-09,2025-09-10,-15.837563451776656,智度股份,互联网,,59.0987,2.4451,104.43652592,104.3734653,2.22,,28.406,3.6488,14.0,44.9569,45.67725011037527,15.810337357033646,2.656,2.6082717439293592,-15.837563451776656,31.456350415620303,-7.940512048192774,40,30,70
600197.SH,,15.87,2026-03-09,2025-09-10,-19.155639571518584,伊力特,白酒,,33.3543,1.5899,60.70831619,60.70831619,0.6182,3.5074,15.7895,2.8338,13.0,25.75115,27.348979460580907,6.276032586071199,1.9157,1.9962369294605806,-19.155639571518584,29.525477502946483,-17.00683823145586,40,30,70
002038.SZ,,7.56,2026-03-09,2025-09-10,-17.989417989417984,双鹭药业,生物制药,,76.0383,1.1188,63.6957,52.81863508,1.8207,0.3226,26.59555,2.39415,16.0,80.8031,66.15606458923511,28.880862650989233,1.3431,1.3433750708215297,-17.989417989417984,-5.8968034642235185,-16.700171245625786,40,30,70
603767.SH,,30.51,2026-03-09,2025-09-10,-35.594886922320555,中马传动,汽车配件,,721.1271,4.3621,60.646089749999994,60.646089749999994,1.0544,1.0178,33.012,2.6005,113.0,57.5478,58.548539607843146,14.26562178050329,2.6706,2.7070407843137256,-35.594886922320555,1153.0923858079718,63.33782670560923,60,10,70
003010.SZ,,41.14000000161,2026-03-09,2025-09-10,-30.23821098960419,若羽臣,互联网,,58.4616,11.3805,89.27406961,64.90280623,1.8075,1.6352,28.406,3.6488,14.0,37.9784,47.230869014084504,19.459576134486525,2.3239,3.564298239436619,-30.23821098960419,53.93381501063762,389.71556435302716,60,10,70
601099.SH,,4.8,2026-03-09,2025-09-10,-16.874999999999993,太平洋,证券,,82.5615,2.7347,271.97102316,271.97102316,1.4312,,18.9809,1.2043,48.0,88.4588,90.1207698275862,5.425804373309966,2.8306,2.7961620689655162,-16.874999999999993,-6.666719421922976,-3.3879742810711466,40,30,70
002695.SZ,,14.04,2026-03-09,2025-09-10,-26.21082621082621,煌上煌,食品,,92.3241,2.066,57.97308898,52.9867467,0.6595,1.0615,25.297,2.4293,49.0,67.3162,72.19007799043062,15.803624908855616,1.5331,1.5211095693779908,-26.21082621082621,37.14989853853903,34.75963733611636,50,20,70
605198.SH,,45.42,2026-03-09,2025-09-10,-15.345662703654774,安德利,软饮料,,37.0805,4.7014,128.49528600000002,104.02109200000001,0.6419,0.6502,30.4082,4.2133,7.0,43.32705,44.27793112033194,8.911244382668256,4.75375,4.656713900414936,-15.345662703654774,-14.417205879467906,-1.1012358664212583,50,20,70
600557.SH,,16.78,2026-03-09,2025-09-10,-16.626936829559003,康缘药业,中成药,,33.7967,1.6801,79.20561696,79.20561696,0.7776,,21.885,2.2571,39.0,20.884500000000003,23.222498547717844,8.25242875269289,1.7623,1.7992624481327801,-16.626936829559003,61.826713591419455,-4.664359076207232,40,30,70
603757.SH,,48.290000001936,2026-03-09,2025-09-10,-17.24994823276463,大元泵业,机械基件,,36.9622,3.7037,74.54428469999999,74.54428469999999,5.2284,1.6933,38.98825,3.16925,30.0,14.7005,20.664538381742737,11.31771317034109,2.40085,2.8210504149377593,-17.24994823276463,151.4349852045849,54.26619738842492,40,30,70
002515.SZ,,7.47,2026-03-09,2025-09-10,-21.68674698795181,金字火腿,食品,,130.3314,2.7127,70.82092859000001,70.82008093,2.697,0.5128,25.297,2.4293,49.0,98.56105,97.93787499999999,1.9245054817190483,2.3366,2.3218,-21.68674698795181,32.23418378761185,16.09603697680391,50,20,70
002988.SZ,,44.86,2026-03-09,2025-09-10,-28.778421756576016,豪美新材,铝,,44.15,2.9778,79.80197125000001,79.77730489000001,2.548,0.4932,22.0426,2.4935,19.0,26.970750000000002,35.89626470588235,17.212212608489544,2.30985,2.6833581932773107,-28.778421756576016,63.695855695521985,28.917462172868362,50,20,70
001285.SZ,,63.39,2026-03-09,2025-09-30,-15.917337119419471,瑞立科密,汽车配件,,28.9741,2.6005,96.03497207,21.652214100000002,4.7065,,33.012,2.6005,113.0,30.17,30.761173626373626,2.8022699685090697,2.6657,2.712978021978022,-15.917337119419471,-3.9638713954259255,-2.4458866339048044,40,30,70
002940.SZ,,40.309999999649996,2026-03-09,2025-09-10,-24.53485487406566,昂利康,化学制药,,56.7723,3.898,61.36571418,56.36079706,1.7968,0.719,24.5447,2.3659999999999997,54.0,34.5583,41.595398780487805,19.828898229081954,1.9034,2.559844390243903,-24.53485487406566,64.2797822809571,104.7914258694967,50,20,70
000524.SZ,,16.82,2026-03-09,2025-09-10,-22.592152199762193,岭南控股,旅游服务,,108.4275,3.8346,87.26115933,87.22735108,1.8883,0.6144,,,,57.9537,61.772466911764695,14.708671116320028,3.0691,3.2331240196078435,-22.592152199762193,87.09331759663317,24.942165455671038,50,20,70
002345.SZ,,14.949999999585,2026-03-09,2025-09-10,-29.230769228804732,潮宏基,服饰,,48.283,2.7218,94.0046444,91.75930475,2.4664,3.3081,18.6031,1.7297,27.0,21.49015,31.00686970954357,18.672576924302867,1.88415,2.270374481327801,-29.230769228804732,124.6750255349544,44.45771302709445,50,20,70
600422.SH,,14.47,2026-03-09,2025-09-10,-16.033172080165862,昆药集团,中成药,,26.2823,1.7152,91.97255448,91.97255448,0.9467,2.4691,21.885,2.2571,39.0,20.73245,24.03239377593361,6.808321111173517,2.1407499999999997,2.244003941908714,-16.033172080165862,26.768905749199924,-19.87854723811747,40,30,70
002017.SZ,,26.88,2026-03-09,2025-09-10,-21.242559523809515,东信和平,通信设备,,67.0277,6.9461,122.87743514,122.80418122,2.7631,0.7747,39.8536,3.6644,17.0,34.2562,44.681845182012836,19.75520431053064,3.6827,4.7978890792291224,-21.242559523809515,95.66589405713417,88.6143318760692,50,15,65
603099.SH,,51.97,2026-03-09,2025-09-10,-27.381181450837015,长白山,旅游景点,,70.4984,6.7635,102.78710156000001,100.641258,1.8699,0.2114,31.66735,2.2889,10.0,66.4262,63.304950839328534,17.646395985986373,7.5718,7.449660671462831,-27.381181450837015,6.130412397517861,-10.675136691407593,50,15,65
603277.SH,,18.339999999258,2026-03-09,2025-09-10,-16.248636855935477,银都股份,专用机械,,17.829,3.5828,94.26421325,93.65698944,0.2442,4.5312,36.1185,2.816,53.0,18.920099999999998,19.41964356846473,2.443186155640292,3.8969,3.961969502074689,-16.248636855935477,-5.766882838885616,-8.060253021632576,40,25,65
002424.SZ,,6.05,2026-03-09,2025-09-10,-16.19834710743801,ST百灵,中成药,,3191.3365,2.1715,70.85823888,61.50997576,1.7863,,21.885,2.2571,39.0,58.587450000000004,57.26895,4.128171779830375,2.5907999999999998,2.532535294117647,-16.19834710743801,5347.133302439344,-16.18419021151767,40,25,65
002779.SZ,,116.8,2026-03-09,2025-09-10,-21.258561643835616,中坚科技,农用机械,,359.5012,22.4499,169.96056000000002,152.4939257,1.3862,0.0854,,,,80.8494,80.08754732824428,10.446867448145753,5.9085,5.899019083969464,-21.258561643835616,344.6553715921206,279.9593805534399,50,15,65
601026.SH,,29.529999998688,2026-03-09,2025-10-17,-26.92177446339728,道生天合,电气设备,,67.6022,5.5794,142.29852,23.13024591,9.4825,0.6951,37.981899999999996,3.0931,92.0,64.4696,66.11224468085106,5.526641141099918,5.3093,5.375603191489361,-26.92177446339728,4.859034335562803,5.087299644020856,50,15,65
002045.SZ,,15.99,2026-03-09,2025-09-10,-19.262038774233897,国光电器,元器件,,259.6369,1.6407,72.61657234,72.53262507,1.7289,,45.1886,3.5744,71.0,32.86,29.34334607594937,9.538142694753832,1.9718,2.0408075949367093,-19.262038774233897,690.1305538648813,-16.791763870575107,40,25,65
002104.SZ,,24.43,2026-03-09,2025-09-10,-28.612361850184193,恒宝股份,通信设备,,301.9315,5.7678,123.53434846,104.5875063,5.7167,0.4615,39.8536,3.6644,17.0,39.269,39.4578393442623,13.439526065256544,2.2304,2.2003918032786878,-28.612361850184193,668.8800325956863,158.59935437589672,50,15,65
600055.SH,,18.38,2026-03-09,2025-09-10,-18.335146898803043,万东医疗,医疗保健,,732.4461,2.2535,105.52946481000001,105.52946481000001,0.7783,0.8661,20.9523,2.314,19.0,59.9608,62.9855471849866,14.506197643991035,2.5453,3.2209796246648796,-18.335146898803043,1121.5415738282345,-11.464267473382323,40,25,65
002481.SZ,,6.03999999977,2026-03-09,2025-09-10,-19.370860924082002,双塔食品,食品,,90.867,2.456,60.08101955,54.44490037,1.2406,0.61,25.297,2.4293,49.0,39.1574,48.29811882352941,24.815328900497786,2.4471,2.390833823529411,-19.370860924082002,132.0557544678656,0.3636958031956246,40,25,65
002265.SZ,,29.78,2026-03-09,2025-09-10,-22.296843519140364,建设工业,专用机械,,224.0817,6.5475,239.04555018000002,239.04555018000002,0.9,,36.1185,2.816,53.0,49.6655,58.208585813148794,21.288847072891425,3.2698,4.2951771626297575,-22.296843519140364,351.1818062840402,100.24160499113097,50,15,65
600570.SH,,34.46,2026-03-09,2025-09-10,-19.674985490423683,恒生电子,软件服务,,49.7956,5.8107,524.2954350599999,524.2954350599999,1.4583,0.3603,53.08095,3.7054,22.0,46.48975,44.28862178423236,10.49828860887831,6.2296499999999995,6.141590456431534,-19.674985490423683,7.110922300076898,-6.7250969155570495,40,25,65
002979.SZ,,48.85,2026-03-09,2025-09-10,-23.070624360286597,雷赛智能,专用机械,,54.5678,7.1832,118.05413030000001,83.04471805,1.8755,0.8259,36.1185,2.816,53.0,56.43515,54.91007162162162,12.908378464655328,7.412649999999999,6.920223873873872,-23.070624360286597,-3.308842095750612,-3.095384241802851,50,15,65
002664.SZ,,27.65,2026-03-09,2025-09-10,-19.529837251356234,信质集团,汽车配件,,163.72,2.5735,90.8245,89.57317958,2.7358,,33.012,2.6005,113.0,26.742849999999997,29.723807835820896,10.174668085010223,1.6416,1.7040279850746267,-19.529837251356234,512.201018216084,56.76778752436648,40,20,60
001328.SZ,,40.62,2026-03-09,2025-09-10,-15.386509108813392,登康口腔,日用化工,,33.0367,4.0498,59.17613506,15.820923439999998,3.6586,2.1821,32.65235,3.7604,6.0,36.668549999999996,37.35470414937759,7.663891576696466,4.2848500000000005,4.231467842323652,-15.386509108813392,-9.904536721522922,-5.485606263929896,40,20,60
001279.SZ,,41.520000001788,2026-03-09,2025-09-10,-21.242774569865546,强邦新材,广告包装,,89.652,5.2429,52.32,13.08,1.904,0.5734,42.4467,2.1372,18.0,79.5802,81.81795331230285,11.113114768794377,6.5114,6.581838170347002,-21.242774569865546,12.656163216478463,-19.481217556900212,50,10,60
001356.SZ,,14.9,2026-03-09,2025-09-10,-19.932885906040273,富岭股份,塑料,,52.5667,3.4443,70.305876,23.93715728,1.3184,0.3185,39.5602,2.8587,21.0,46.70215,48.53420895522389,7.562564527112215,4.24625,4.220839179104478,-19.932885906040273,12.557344790336192,-18.886075949367083,40,20,60
603800.SH,,50.65,2026-03-09,2025-09-10,-23.909180651530107,洪田股份,专用机械,,85.0154,9.3027,80.1632,80.1632,1.6778,0.2516,36.1185,2.816,53.0,23.4495,38.13281977715877,26.440233902859173,6.3706,6.561905849582173,-23.909180651530107,262.54674939764175,46.025492104354385,50,10,60
603068.SH,,41.01,2026-03-09,2025-09-10,-16.630090221897103,博通集成,半导体,,278.2874,3.0054,51.896084370000004,51.896084370000004,2.11,,54.1532,4.4227,19.0,,,,,,-16.630090221897103,0.0,0.0,40,20,60
002892.SZ,,15.0,2026-03-09,2025-09-10,-20.86666666666667,科力尔,电气设备,,254.846,6.7812,88.3765514,57.38162556,1.4805,0.3512,37.981899999999996,3.0931,92.0,93.8868,93.41192105263158,4.32961279376997,4.6858,4.844478947368421,-20.86666666666667,171.439648598099,44.71808442528489,50,10,60
003040.SZ,,23.18,2026-03-09,2025-09-10,-24.978429680759273,楚天龙,通信设备,,1365.7516,5.7249,80.19154553,79.44625986999999,1.8382,0.1725,39.8536,3.6644,17.0,57.0764,61.70192162162163,16.029198470761884,3.85,3.8879783783783783,-24.978429680759273,2292.8481824361734,48.698701298701295,50,10,60
000766.SZ,,25.03,2026-03-09,2025-09-10,-15.021973631642036,通化金马,化学制药,,357.6618,8.9333,205.57342418,205.46983375,1.549,,24.5447,2.3659999999999997,54.0,,,,,,-15.021973631642036,0.0,0.0,40,20,60
600684.SH,,5.83,2026-03-09,2025-09-10,-15.951972555746135,珠江股份,区域地产,,155.15,4.4064,54.19763987,41.81957543,4.0023,,32.356700000000004,1.0937999999999999,10.0,95.3344,94.73263733333332,3.4716197484036653,6.2433,6.203925333333332,-15.951972555746135,62.74293434479055,-29.421940320023065,50,10,60
600698.SH,,10.19,2026-03-09,2025-09-10,-23.061825318940134,湖南天雁,汽车配件,,2006.3619,10.8722,83.78119819,65.10741648999999,1.5563,,33.012,2.6005,113.0,,,,,,-23.061825318940134,0.0,0.0,50,10,60
000989.SZ,,10.61,2026-03-09,2025-09-10,-18.00188501413761,九芝堂,中成药,,58.4378,2.0398,74.46695504,60.39137650999999,0.9162,3.4094,21.885,2.2571,39.0,29.80435,38.22977166666666,16.011143730937015,1.91235,1.968047083333333,-18.00188501413761,96.07137884235021,6.664574999346358,40,20,60
603119.SH,,101.38,2026-03-09,2025-09-10,-17.646478595383705,浙江荣泰,汽车配件,,113.7576,15.5035,303.68832104,170.21898036,5.7414,0.2329,33.012,2.6005,113.0,38.2203,44.08868902439024,14.470070290949414,4.39935,5.323423780487806,-17.646478595383705,197.636596259056,252.40433245820407,40,20,60
002653.SZ,,57.13,2026-03-09,2025-09-10,-19.919481883423774,海思科,化学制药,,165.8469,12.1209,512.36247128,221.08145729,0.6347,0.2951,24.5447,2.3659999999999997,54.0,83.33760000000001,84.91006880733946,7.95568773004626,8.4219,8.418648165137615,-19.919481883423774,99.00609088814652,43.92120542870373,40,20,60
603229.SH,,11.04,2026-03-09,2025-09-10,-15.670289855072452,奥翔药业,化学制药,,41.8209,3.2932,77.3006642,77.3006642,0.6449,1.0715,24.5447,2.3659999999999997,54.0,28.3536,32.025677800829875,9.04115739357121,3.1373499999999996,3.1900298755186722,-15.670289855072452,47.49767225325885,4.967568170589845,40,15,55
603262.SH,,31.93,2026-03-09,2025-09-10,-16.78672095208268,技源集团,食品,,68.8658,6.9306,106.282657,10.6301256,1.8921,,25.297,2.4293,49.0,71.5095,71.49337278911563,2.9788536430858286,7.6166,7.739568027210883,-16.78672095208268,-3.69699130884709,-9.00664338418717,40,15,55
601595.SH,,32.230000000524,2026-03-09,2025-09-10,-18.399007137535182,上海电影,影视音像,,96.5713,6.8945,117.8766,117.8766,1.4715,0.1825,,,,74.9993,76.13937103448276,14.703834212010625,5.8614,5.947584827586207,-18.399007137535182,28.76293512072778,17.625481966765623,40,15,55
002987.SZ,,22.03,2026-03-09,2025-09-10,-18.06627326373128,京北方,软件服务,,47.516,5.3756,156.57655744000002,152.26029216,1.1993,0.9896,53.08095,3.7054,22.0,35.59655,37.903215767634855,15.721392871534096,4.06855,4.4409018672199165,-18.06627326373128,33.48484614379764,32.125695886740985,40,15,55
605378.SH,,28.0,2026-03-09,2025-09-10,-26.892857142857146,野马电池,电气设备,,59.0771,4.2809,53.49760808,53.49760808,0.5901,1.7447,37.981899999999996,3.0931,92.0,30.0015,37.72500145228216,17.179265187045626,3.2878,3.6219545643153523,-26.892857142857146,96.9138209756179,30.205608613662637,50,5,55
605179.SH,,23.000000000706,2026-03-09,2025-09-10,-20.43478261113795,一鸣食品,乳制品,,190.8766,6.5139,73.383,73.383,0.6193,0.2186,35.114,2.8365,9.0,,,,,,-20.43478261113795,0.0,0.0,50,5,55
002896.SZ,,91.05,2026-03-09,2025-09-10,-16.880834706205373,中大力德,机械基件,,204.2352,12.4441,148.72835666,148.72835666,2.1926,0.2643,38.98825,3.16925,30.0,62.5781,62.94318504672897,11.059154477034463,4.14735,4.207970093457944,-16.880834706205373,226.36848993497725,200.04942915355585,40,15,55
603072.SH,,50.02,2026-03-09,2025-09-10,-18.212714914034397,天和磁材,矿物制品,,72.3861,5.0516,108.116948,51.640693,3.4015,0.3667,47.305949999999996,3.5612500000000002,8.0,76.77420000000001,78.86249362745099,13.078059816383128,5.41405,5.691073039215685,-18.212714914034397,-5.715591956672955,-6.694618631154126,40,15,55
603334.SH,,66.76,2026-03-09,2025-11-05,-17.18094667465549,丰倍生物,化工原料,,51.3743,4.7526,79.34115,17.16955092,12.4835,,37.07515,2.5731,80.0,44.8793,45.18160123456791,5.210676268405423,4.1518,4.17975925925926,-17.18094667465549,14.472150857967922,14.470831928320257,40,10,50
002707.SZ,,8.49,2026-03-09,2025-09-10,-18.610129564193166,众信旅游,旅游服务,,137.3573,7.3265,67.90560878,57.02181925,2.4413,,,,,61.4831,64.29020028818445,13.397832421098713,8.4629,8.373331988472623,-18.610129564193166,123.40659465771895,-13.428021127509474,40,10,50
002907.SZ,,17.15,2026-03-09,2025-09-10,-17.551020408163257,华森制药,中成药,,79.1434,3.4966,59.0481188,42.40791171,0.433,0.6011,21.885,2.2571,39.0,86.7555,87.69494791666668,5.333450281921354,3.69315,3.748287202380953,-17.551020408163257,-8.774198753969486,-5.3220150819760965,40,10,50
002530.SZ,,11.94,2026-03-09,2025-09-10,-19.430485762144055,金财互联,专用机械,,165.9782,5.6586,74.95886444,66.87086473,2.461,,36.1185,2.816,53.0,,,,,,-19.430485762144055,0.0,0.0,40,10,50
603370.SH,,56.7,2026-03-09,2025-09-10,-19.964726631393297,华新精科,电气设备,,44.7041,4.1669,79.39231,15.878461999999999,3.3464,,37.981899999999996,3.0931,92.0,48.83665,49.87997881355932,5.172797774995685,4.552,4.575369491525423,-19.964726631393297,-8.461985005113991,-8.460017574692435,40,10,50
600571.SH,,17.9,2026-03-09,2025-09-10,-16.256983240223455,信雅达,软件服务,,69.6402,5.8325,69.90111452000001,68.61698027999999,2.0251,0.3135,53.08095,3.7054,22.0,75.93520000000001,78.46703191489361,13.293471010000024,5.74035,5.373886879432623,-16.256983240223455,-8.289963021102222,1.605302812546261,40,10,50
002232.SZ,,21.4,2026-03-09,2025-09-10,-15.60747663551402,启明信息,软件服务,,779.7055,5.453,73.78385097,73.78385097,0.9731,0.0554,53.08095,3.7054,22.0,86.6095,86.4006,3.880179232739358,4.2833,4.272956521739131,-15.60747663551402,800.2540137051941,27.30838372283054,40,5,45
605008.SH,,15.06,2026-03-09,2025-09-10,-16.002656042496678,长鸿高科,橡胶,,1060.8696,4.059,81.71424537,81.71424537,0.3086,,,,,85.3185,84.01445299999999,8.404908239652341,3.9278,3.9452635000000003,-16.002656042496678,1143.4227043372773,3.340292275574118,40,0,40
